author_hash,text_redacted,label
u_3f7c17bc2b,НАЦИСТ ФАШИСТ,OFFENSIVE
u_61be55a8e2,Хачики попутали че то. Надо им Уржар 2.0 устроить,HATE_SPEECH
u_5f1e11e3b1,Мал шщс,OFFENSIVE
u_b53ab457aa,"Не тащите эту хуету сюда, пожалуйста, уже в тредс заебли с языковым вопросом своим. Говорите как хотите, не нравится, что другие не говорят на казахском - не общайтесь с ними",OFFENSIVE
u_5a67dba874,Барбагыла акмактарга!,OFFENSIVE
u_0bbcff82e8,Ой долбаеп біттің болды,OFFENSIVE
u_b6376de40f,CFBR,OFFENSIVE
u_6cea57c2fb,«Ждите гостей» - это дерзкие хачики-кавказцы решили местным угрожать? Ахуевшие. Никакого уважения к местному языку. Даже не стараются. Можно было хотя бы через Гугл переводчик что-то стандартно-вежливое ответить.,HATE_SPEECH
u_13e80ebafe,"А что вы пыжитесь это вам не поможет. Админ шашлычки, вы там не угражайте что гостей отправите. Любой казах мой родной, кровинка моя. А то мы заедим в гости.",OFFENSIVE
u_885991c534,Қазақ тілі даяшының ті- лі болса орыс тілі шошқаның тілі деиміз .,HATE_SPEECH
u_fd5fb074ce,Қазақ тілін корлаган үшін тумсығын бузып бичтерге қосжіперу керек мына малдарды,HATE_SPEECH
u_39024ce295,"Қазақтар өз ана тілінде сөйлеу керек, білмесе үйренсін тез арада,өте ұят болған",HATE_SPEECH
u_f7bb2923d2,жарайсың дұрыс қазақ тілін қорғау керек олай айтқан адамды жазалау керек ғой,HATE_SPEECH
u_1603915df7,"Эхххххххх, құлдық санасы бар мәңгүрттер қанды ішіп бітті.",OFFENSIVE
u_85a083eff5,Өзі қазақ бола тұра қазақ тілін қорллағаны несі басқа ұлт не істе мейді үяттай,HATE_SPEECH
u_9cdfa5e34f,Мынау қазақ мәңгүрт,HATE_SPEECH
u_833861d77e,"БҰЛ ТІЛДІ ҚОРЛАП ТҰРҒАН КІМ,ҚАЙ МЕКЕМЕ.СОНДА АУЗЫНДАҒЫ ТІЛІН ЖҰЛЫП ТАСТАСЫН ОЛ ОҢБАҒАН.ОЛ ҚАЗАҚ БОЛЫП ТУЫЛҒАН,ЯҒНИ АУЗЫНДВҒЫ ТІЛ ҚАЗАҚ ТІЛІ,ДАЯРШЫНЫҢ ТІЛІ.ӨЗІГЕ КІМНІҢ ТІЛІН САЛЫП АЛҒЫСЫ КЕЛСЕ СОНЫ САЛЫП АЛСЫН. ДАЯРШЫНЫҢ ТІЛІН ҚАЙТАРСЫН ҚАЗАҚҚА.",HATE_SPEECH
u_420067f69f,Сурак коймадынызба оз тилин даяшынын тили болса мангурлеп отырган орыс тилин кимнин жане ненин тили деп???,OFFENSIVE
u_420067f69f,Ким айтып отыр Казак тили даяшынын тили деп мынау Казактын жигити ма?! Оз Казак тилин корлап жаткан адам оз Казагын болса олген жеримиз осы баскадан не кутемиз Казак ели,HATE_SPEECH
u_c696354081,"Орыс болайын десе, бола алмай жүрген бір жағымпаз байғұс қой. Еш аяушылық болмасын, заң жүзінде қатаң жазалануы тиіс. Өз тілін сыйламаған адамды қалай қазақ деп айтуға болады. Ата заң, Конституцияны да пысқырмағаны ғой. Мұндай жағымпаз қазақтар баршылық.",HATE_SPEECH
u_20cff91452,"Қазақ тілін қорлағандарға кез келген қатаң жаза қолдану керек.Намыссыз қазақтар өз ана тілін менсінбесе надан , нақұрыс болғаны. Қанын , тілін сатқандар қазақ жерін басып жүрмей-ақ қойсын.",HATE_SPEECH
u_3e21947496,БАСҚА ҰЛТҚА МАСҚАРА БОЛҒАН ҚАЗАҒЫМ АИ.ҚАЗАҚ ЕЛІНДЕ БАСҚА ҰЛТ БІР БІРІМЕН ӨЗ ТІЛІНДЕ СӨИЛЕСЕДІ.БІЗДІҢ ҚАЗАҚБІР БІРІНЕ ҚАРСЫ ШЫҒАДЫ.ҚАИДАН ЕЛ БОЛАМЫЗ. ӨЗ ТІЛІМІЗДІҢ ТҰҒЫРЫН МЫҚТАП БЕКІТЕТІН ЗАҢ ТАЛАП ЕТІЛСІН.ОРЫС ТІЛІН АЛЫП ТАСТАСЫН.,HATE_SPEECH
u_387300059c,ШШС ТІЛІН СУЫРЫУ КЕРЕК МӘҢГҮРІТ ШШС ТАБЫУ КЕРЕК ШШС ЕШЕКТІ .,HATE_SPEECH
u_15a54d0ec3,"Мангурт мал кандай анадан туды екен ,ана тилин менсинбеитиндеи.",HATE_SPEECH
u_09c909cd5a,Мыналар малдар екен.,HATE_SPEECH
u_19e680ab96,Тілге тиіскендерді жазалау керек! Айыпбұл салғызындар қолдаймыз мұндай сатқын қазақтарды жұмыстан шығарсын!!,OFFENSIVE
u_89f3926f67,РЕСЕИДІҢ ТІЛІН ҚҰДАИДАИ КӨРГЕН АЗҒЫНДАР ЖАЗАҢЫЗДЫ АЛАСЫҢДАР ПУТИН РЕСЕИМЕН ОПАТ БОЛАСЫҢДАР,HATE_SPEECH
u_108887d26f,Казак ел!м мынандай манкурт малдардан кашан кутыламыз. Бул казак емес бул орыстын шошкасы. Оз т!л!н кад!рлемеген мал. Жарайсын кызым ана айуанды орнына койган.,HATE_SPEECH
u_1a336982f7,"Штраф, штраф миллиондап салу керек, мем лекет тилин корлаган ушин!",OFFENSIVE
u_50bd13d388,Мынадаи малдар қандаи әке шешеден шығады,HATE_SPEECH
u_39125ad502,Тупиица как ты можешь сказать про наш язык предатель ты ты сам казах или кто ты продал свою родную мать отца бейшара....,HATE_SPEECH
u_293b3fdeb7,"Бұндай қазақтарды отырған орындарында сабау керек жэне көшеде ұстап тағы ұру керек себебі олар далбай болғандар, намысы жоқ, жезөкше.",HATE_SPEECH
u_758c1562c4,ТІЛІ ЖОЙЫЛҒАН ҰЛТТЫҢ ӨЗІДЕ ЖОЙЫЛАДЫ. Ахмет Байтұрсынов.,OFFENSIVE
u_9ff7cdd7da,"ҚАЗАҚ. ТІЛІМІЗДІ. МЕНСІНБЕЙ. ҚОРЛАҒАН ДАРҒА, ЖАУАП. ОСЫЛАЙ. БОЛУ. КЕРЕК. кінә. өзіміздің. орысқұл. қазақтардан. болып. жатыр,",HATE_SPEECH
u_d9db6d87e5,Сен норыстарындыталканыншыгарган хан кпаукраинадурысоаркимо за тилиндесоидле ит ди,HATE_SPEECH
u_209a66a43f,Оз тiлiн сыиламаган малдар аиуаннан туылгандар аиуан коздерiн курту керек,OFFENSIVE
u_a0c354cb36,БҰНЫ АЙТЫП ОТЫРҒАН ҚАЗАҚТЫҢ БАЛАСЫМА.ӨЗ ТІЛІМІЗДІ ӨЗІМІЗ КҮЛКІ ЕТПЕҢДЕР ҰЯТСЫЗДАР.,OFFENSIVE
u_33ced10f64,"Өте дұрыс Қазақтан садаға кет, сені қазақтың дәмі урсын",OFFENSIVE
u_25e24bd2b6,"Өздерінше ресей тілін білім, ғылым тілі деп тұр ма, олар сол шет елден көшіруде, бізліңкілер аударма жасамай ресей тілінде қолдана берәп пайда тауып отыр",HATE_SPEECH
u_fee868a8f0,ОСЫНДАЙ ОРЫСҚҰЛ ЕСЕК ОСЫНДАЙ ЛАУАЗЫМДЫ ОРЫНДА ОТЫРУҒА ҚҰҚЫҒЫ ЖОҚ.КЕТСІН ОРЫСҚҰЛ ТОПАС НАМЫСЫ ЖОҚ ЕСЕК.,HATE_SPEECH
u_e1fc94a317,ужас казах не говорить на гос. языке русский язык не имеет никакого статуса в казахстане зачем в независимом государстве говорит на чужеродном языке игнорируя гос. язык куда смотрять власти страны,OFFENSIVE
u_48d521664e,"АССАЛАУМАҒАЛАЙКУМ ҚАЗАҚ ЕЛІ АЛҒА, ТІЛ ЖОҚ ЖЕРДЕ, ҰЛТ ЖОҚ ДЕП АЙТУҒА БОЛАДЫ, МЕНІМ ӨЗ ОЙЫМ ҚАЗАҚСТАН АЗАМАТЫ БОЛҒАННАН КЕЙІН ҚАЗАҚ ТІЛІН БІЛУГЕ МІНДЕТТІ",HATE_SPEECH
u_60cf7387e3,"Өте дұрыс Аружан қыз))) Қазақтар осылай істесе, қазақтың болашағы жоқ- деген ғой!!! МАСҚАРА! ЕЙ, жағымпаз сатқындар, тілді құрметтеңдер!!! ОЯН ҚАЗАҚ!!!!! МӘҢГҮРТТЕНБЕҢДЕР!!!!",HATE_SPEECH
u_8729e8a7ad,"Казакша сөйлемейтін казак емес олар калмактар ,иштен шыккан жаулар,нан бауларды отыз жылда әбден оятып,кутыртып жиберди.Казактар солар курлы уайымдама алмай журмиз.",HATE_SPEECH
u_d72d4f3e63,Іштен жау жаман,OFFENSIVE
u_cf41160634,"Бәрі отырған қазақтар, неге қазақ тілі мазақ болады? Мен шынымен, орыс тілінде өте нашар сөйлеймін, кейбір сөздерді укпаймын, сонда не істеуым керек? Сауда жасамаймынба, дәрігерге бармаймынба, автобуспен журмеймынбе? Сонда не аудармашы ертіп жүремін бе? Мен зейнеткермын аудармашы қызметін үнемі төлейтын қаражатым жоқ. Қазақстанда тұрамын өмір бойы, өз тіліңде еркін сөйлей алмай қор болу деген не масқара?",OFFENSIVE
u_1197914c78,Мәнкүртерді жазалау керек ...,HATE_SPEECH
u_ada49509b5,"Мекемені жауып тастау керек , сосын ғимаратын тәркілеу керек аукционға салу керек осылай кішкене қаттырақ тәсіл қолданып бүкіл Қазақ еліне жария ету керек сонда ғана тоқтайды Қазақ тілін қорлау",HATE_SPEECH
u_32516c724c,Өзіміздің ішімізден осындай жігерсіз намысы жоқ мәңгірттер болғаны өкінішті. Айтар сөз жоқ. Бәріне. әкесі мен шешесі кінәлі...........,OFFENSIVE
u_63ff50583f,"Жеке меншікті МЕДИЦИНА ОРТАЛЫҒЫ болса, олар ӘКІМШІЛІКТЕН жұмыс жасауға рұқсат алады-- ЛИЦЕНЗИЯ беріледі. Сіздер лицензияны қайтарып алу мәсілесін қарастыруға құқыңыз бар. Өйткені олар қызметті мемлекет тілінде көрсетуден бас тартып отыр, сөйтіп МЕМЛЕКЕТ ТІЛІНІҢ халыққа қызмет жасайтын орындарында заңға қарсы қайшылықтарын көрсетті, сізге ""қазақ"" деп дискриминация жасап, мемлекет тілін күлкі - мазаққа айналдырып отыр. Қазақ халқын төмендетіп, моральдік тұрғыда өздерін, орыс тілінің мәртебесін жоғары көтеретінін айқын жасырмай көрсетіп отыр.Ұлттық сана сезімнен жұрдай екен, не себепті ана тілін менсінбейді? Әлде өздерін қазақ деп санамайды ма? Онда Қазақтың жерінде несіне жүр? Қазақтың жерінен шыққан наны жақсы, суы жақсы, халқымыздың арқасында табыс тауып отыр, әлде :-""тек орыс тілді азаматтарға қызмет көрсетеміз""- деген жазуы бар ма?",HATE_SPEECH
u_d2501e380f,ҚҮҮ КЕРЕК ШОШҚАЛАРДЫ,HATE_SPEECH
u_63ff50583f,"Қазақ тілі АРХАИКАЛЫҚ ТІЛ болып табылады.Оны ютубте профессор, полиглот ПЕТРОВ.Д. интервьюінде айтылғаны бар. Қазақ тілі даяшы тілі болған емес.ОРЫС ТІЛІ- ресей империясында ҚҰЛДЫҢ ТІЛІ болып саналған кезінде, өйткені құлдар әр ұлттың қашқан- құшқаны болғандықтан, өз ара сөйлегенге ыңғайлы болсын деп ОРЫС ТІЛІН ЕкатеринаІІ патшайымы шығарып ДАЛЬ сөздігін жасатқан! РИ ПАТШАЛАРЫ ТЕК ФРАНЦУЗ ТІЛІНДЕ сөйлейтін болған! Октябрь Революциясының арқасында орыстар бас бостандығын алып, мемлекет болды, өздерінің лаптий - аяқ киімін сол кезде шешті. РИ патшалар тек Европаның аристократиясынан болғандықтан, империя ЖЕРЛЕРІ тек ГОЛЬШТЕЙН деген неміс династиясының жері болып саналған. Орыстарда жері мен мемлекеті бұрын болмаған, революцияның арқасында ""орыс халқы"" бола қалды, бірақ ""орыс ұлты"" емес!. РИ орыс тілі ""ҚҰЛДЫҢ ТІЛІ"" болып саналатын, патшалар орыс тілде сөйлемеген, намыс көретін орысша сөйлегенді.",HATE_SPEECH
u_0e7665f38a,Қазақ тілі даяшының тілі деген адамжұмыстан шығып сотқа тартылсын.қазақстаннан жер аударылсын.,HATE_SPEECH
u_63ff50583f,"ҚАЗАҚ ТІЛІ ол біздің ана тіліміз және ҚАЗАҚСТАНДА МЕМЛЕКЕТ ТІЛІ болып заңмен қабылданған! Елімізлің Егеменділігінің символикасының бірі ҚАЗАҚСТАННЫҢ ЖАЛАУЫ, ГЕРБІ мен қатар ҚАЗАҚ ТІЛІ болып келеді!!! Білімсіздік пен надандықтың арқасында осындай сөзді :-""ДАЯШЫЛАРДЫҢ ТІЛІ"" деп айтатындар, ол топастықтан. Орыс тілі негізі Екатерина крепостной құлдарға арнап шығарған, сол үшін ДАНИЯДАН ДАЛЬДІ жалдап, құлдарға арнап орыс тілі сөздігін жасауды сұраған. Сол сөздікте турк тілінен 47% сөздерді пайдалануға алынған, қалған 30% грек, болгар, славяндар, ағылшын т.т.сөздері болып табылады. Ресей империясында (РИ) ПАТШАЛАР европаның аристократиясынан шыққан, олар ФРАНЦУЗ ТІЛІНДЕ СӨЙЛЕЙТІН БОЛАТЫН! РИ бір де бір патша орыстан болмаған. Орыстардың өздері РИ ғасырлап құлдықта болған оларды КРЕПОСТНОЙ ХОЛОП деп атаған, және орыс құлын сатуға, итке ауыстыруға, карта ойынында ұтып алуға болатын, мал сияқты!!! Орысты(русскийді) Пер1 ойлап тапқан, ол қашқан-құшкан каторжниктерді, зектерді, малайлардың бәрін ОРЫС деп жазуға бұйрық берген. Сондықтан ДНК анализі бойынша орыстың қанында ұлттарына сәйкес топты табу мүмкін емес, олардың ішінде түрлі ұлттарлың ең төмен социалдық сатыдағы адамдары болып табылады. Сол себепті орыстарды тексіз деп санап ,,ИВАН НЕ ПОМНЯЩИЙ СВОЕГО РОДСТВА""- деп бекер айтылған жоқ. Орыс - РУССКИЙ деген ұлт емес, прилагательное болып келеді. ""Ты чей холоп будешь""- деп сұрайтын олардан. ""АТЫҢ, ТЕГІҢ КІМ"" - деген сұрақты орысқа қоймаған, ""қожайының кім"" - деп сұрайтын орыстан.",HATE_SPEECH
u_2e4e6209fd,Казахтар ау кашан ел боламыз орыс тилин 20 жыл бурын мусорга лактырып жибердим лас тил болгасын ата ажелеринди аккулактар черт черномаз мамбет баран деп кемситтиго заманында естеринди жиып комадан шыгатын уакыт жеттиго оян казах жеп Миржакып атамыз 100 жыл бурын айткан.,OFFENSIVE
u_5096d228d4,Қазақ тілін қорлағандар көздерін құртсын,HATE_SPEECH
u_dcc6dc600c,Жарайсын карындасым мынадай ешактарга iс козгау керек!,OFFENSIVE
u_a58287e677,Оңбаған солай айтуға болама.Сүмелек!!,OFFENSIVE
u_a58287e677,"Надандар өз тілін құрметтейді.Сорлы,сүмелек!",OFFENSIVE
u_0f328b480f,Мыналар қазақ тілын менсінбесе орыстың кең байтақ жері бар емес пе,OFFENSIVE
u_16d9806035,Мна саитандар казак тилин неге караиды жигиттер бир жеринди кысып жур кыз дурус аитады еи твари тилден садага кет не аитарымды билмеиди калды боктагым келип тур,HATE_SPEECH
u_4d21de27f9,"Осылар құртатын бізді санасыздар топас болып тұрғо ана тілге қарсы шығып отқан еее сен кім екеніңді білмейсің шығарсын сен қазақсын топас болма ана тілде бірінші орында тұру керек ,топас болмандар бұл мекемеге йыппұл салынсын талап етсін ,бұларға қанша жерден айтсанда санасыз болса сондай болады ,ұрпақтарыда сондай болады құдай сақтасын намыссыз,санасыз ұрпақтан",OFFENSIVE
u_ba35cad78b,"Өзі қазақ бола тұра даяшылардың тілі дей ма? Шошқа сука басын шауып тастайтын адам екен,отырысын қарашы орысқұл, атаңа лағнет ешақ,",HATE_SPEECH
u_53e44fe0ac,"Орыс тілі межнациональный язык общения дегенді заңнан алып тастау керек. Узбекистанға кірсен орысша сойлесен ешкім бетіне қарамайды,естимегендей болады,ешкім түсінбейды,турабересін,бәрі адамдар өтіп кетебереді,қүрі бір кәріс орысша тусініп тоқтаса сенин бақтын. Тек өзбекше сойлейді, бирак бәрі билседе. Намысы жоғары. Бизде әлі бийликтен қорқак болып журмыс,өйткені екі қүйрыққа арналған орындықымыз бар",HATE_SPEECH
u_ddc26c0bd6,"Қазақ тілін білмейтін, қазақ тілін қорлаған шошқалар Қазақ елінде тұрмауы керек . Өйткені олардың елі жоқ ! Мынау қазақ тілін қорлаған шошқаның тілін кесіп алу керек ! Ол адам болмайды.",HATE_SPEECH
u_cc1f649f13,"Қазақ тілін кемсітуді жəне саудаға салуды қашан қояды қазақтың ешактары? Ұлтын сатқан албастылар мəңгүрттер? Мəңгүрттің тіке мағынасы- нағыз топас бишара деген! Осыны мəңгүрттер біле ме екен? Есі дұрыс адам басқа тілді білсе де оған мақтанбайды керек жерде қай тілде болса да жауап беріп, өз тілінде сөйлейді. Ал мына мəңгүрт топастардың қашан есі кіреді. Қазағым-ай мəңгүрттен шаршадық ау! Қақыратып маңдайынан беріп жібергің келеді мəңгүртті. Осылай істесек Тоқаев билігі қазаққа ату жазасын беретін шығар?",HATE_SPEECH
u_cf8bd71205,Барлығы өз елінде өзің екінші сорт санайтын байғұстардан...,OFFENSIVE
u_3cb6f332e2,Шошқа жейтіндердің тілінде сөйлемеу кк Қазақ.,HATE_SPEECH
u_2af111d33b,"Қазақ қазаққа жау.Қашан ел боламыз.Рестараным бар деп,өз қазағына жау болған несі.Орыстың күшігі.Аяқтарын бір етікке тығу керек.",HATE_SPEECH
u_9551f7c6ff,"Сумелектер - орысша сойлеп Элита катарына косылам деп журген шыгар, Алматы Улкен колхозга айналып баратыр, келимсектер кобейип , тусинема соны, балдары надан шетинен - ерке тотай !!! ‍",OFFENSIVE
u_9551f7c6ff,"Орысша жанына жакын болса аа, Ресейге кет, куыс кеуде шириктер журетин жер емес бул - жаны жаркын, ак журек казак ели бул !!! ‍",OFFENSIVE
u_9551f7c6ff,"Ширене бермесин, ширик немеее",OFFENSIVE
u_76d46122ba,АТАҢА РАҺМЕТ !!!!!!!!!! ҚАЗАҚ ТІЛІНЕ ҚЫСЫМ ҚОРЛАУ ЖАСАДЫ МА??????? ЖҰМЫСТАН КЕТСІН ОРНЫН БОСАТСЫН ҚОРЫҚПАЙ МА ?????????? ЕРТЕҢ ЖІГІТТЕРГЕ БАРСЫН ЖАУАП БЕРСІН НАҒЫЗ ҚАЗАҚ ТІЛІ ҚАНДАЙ ЕКЕНЫН ТҮСЫНЕТІН БОЛАДЫ ҰЛТЫ КІМ ҚАНДАЙ ДАЯАШЫ КӨРСІН ҚАЗАҚ ТІЛІ ДАЯАШЫ ОФИЦАНТ БА??????????,HATE_SPEECH
u_497c8b7052,ужас,OFFENSIVE
u_defda35ca1,БИЗДИН КАЗАКТАР АКЫЛ ЕСИНЕН АЗЫБ БАРАД .УЛИБ. ЖАТСЫНБА БИЗДИН КАЗАКТАРДЫН БАР ОЙЫ ТАСАК УСРУМЕН ШАШ УСРУГЕ МЫИЛАРЫ АУЫБ КЕТТИ .КАЙДА БАРА ЖАТЫРМЫЗ .МЫНА КАРИ КОПСЫК ДЕПУДАТТАРДЫ КУРТУ КЕРЕКГОЙ .МЫНА БАРЫСТА КУРЫБ КЕТЕТИНИМИЗ ЖАКЫНДАБ КЕЛЕД .,OFFENSIVE
u_a5a616933d,Жаксы болыпты неге кынаны фелшер и зардап шеккен киналган калыктан кына артасындар не болды неге кеш келды. Неге тургын уиды салган и каблдап алган Акимдер тб комеция болды неге соларды соттамаисндар аиран ышкен уинде жатады карнын сипап ал шелег жалаган тутылып жауап береды . Сурак каида адлдык неге коздернды ашпаисындар оиан баисындарма осылаи корболып журесндерме солтустык кареиядан ары кеттык кои сорлы казак сорлы казак жата берндер оданда зарын коресын жатабер,OFFENSIVE
u_92a33c4fd1,"75000адам жылына жасанды түсік жасатады деген сұмдық қой. Іште біткен нәрестені өз қолымен өлтіру ғой. Алладан қорқыңдар. Түсіктен кейін бала көтере алмай қалады. Алла солай жазаласа қайтесіңдер. Өміріңе қатер төнбесе бойға біткен нәрестені босану керек. Халқымызға өсім керек, азып барамыз ба.",OFFENSIVE
u_5203fcfa7a,АҚШҚА БАРЫП КЕЛДІ ЕНДІ ПУТЛЕРГЕ ЕСЕП БЕРУ КЕРЕК.,OFFENSIVE
u_5203fcfa7a,САПАСЫЗ САЛЫНҒАН ҮИ ЖЕМҚОР ЖАИЛАҒАН ҚАЗАҚСТАН . ТАҢ ҚАЛМАИМЫН.,OFFENSIVE
u_8e1e9afa0f,"ммм.... НАРКОТИКТІ. ІЗДЕП ТАБАТЫН. ҚҰРАЛ ОЙЛАП ТАПҚАН "" МАМАН. САҚ БОЛСЫН "" ‼ хабарлап отрған адамнан сақ боюлсын ( б.а) ‼",OFFENSIVE
u_efc0148a24,Мчес неге кінәлі оданда құрлыс нашар соны іздеу керек!!,OFFENSIVE
u_94d98a28ad,"Каспи банкінің соторундаушыларын тексерсе екен ,олар өздерінің лауазымын пайдаланып отыр,",HATE_SPEECH
u_8a62892599,"Астанада жаңа салынып жатқан ҮЙЛЕР САПАСЫЗ.,,,, ЖАМАН ,, салынып жатыр. Үйлерді ӘЙТЕУІР ТҰРСА БОЛДЫ деп салынып жатыр. АҚША ТАПСАҚ БОЛДЫ ДЕГЕН ОЙМЕН САЛЫНУДА. САПА ЖОҚ МІНЕ ДӘЛЕЛ.ҮЙ ҚҰЛАДЫ.",OFFENSIVE
u_50af03cf37,"Бул басы, салынып жаткан уйлер оте сапасыз!!!",OFFENSIVE
u_904c9f5458,ДОСАЕВТЫ СОТТАУ КЕРЕК,HATE_SPEECH
u_c1ed249fea,"Бауыржан Момышұлы атамыз айтып кеткен : - "" Ана тілін білмеген адам ешқашанда өзінің халқына жаны ашымайды "" деп. Бауыржан атамыз дұрыс айтқан. Орыс тілінде шүлдүрлеген шенеулер Қазақ Еліне ешқандайда пайда келтірген емес.",HATE_SPEECH
u_7b3d86a6fb,Әттен өмірай бәрі жалған шындык жок болмайды да бос сөз кімге керек,HATE_SPEECH
u_3a635539e8,ОЛЖАС БЕКТЕНОВ ОРНЫН БОСАТСЫН.ЖЫЛДАН.АСЫК.УАКЫТ.ЖУМЫС.ИСТЕДИ.ЕШ.КАНДАЙ.ОЗГЕРИС.ЖОК.ЕЛДИ.ТОАГАН.НАЗАРБАЕВТАН.БАСТАП.БАРЛЫК.ЖЕМКОРЛАРДЫ.ТУТКЫНДАСА.МЕМ..ТИН.КОРЫН.ТОЛТЫРАР.ЕДИ.СЕРИК.ЖУМАНГАРИННЕН.БАСТАП.БАРЛЫК.МИНИСТИРЛЕРДИН.ЗАРПЛАТАСЫН.50%.КЫСКАРТКАН.ЖАКСЫ.БОЛАДЫ,OFFENSIVE
u_ca8255d1da,Өнербаевті қолдамаймын. Қазақстанда тұрып жатқандардың бәрі қазахша сөйлеуге тырысып жатыр Бірден бастан Шабуға болмайды.,HATE_SPEECH
u_c8757e7782,Қазақ тілін білмейтіндерге салық 40000 емес 70000 салса екен. Азық түлікке 70% кетеді айлығымыздың. Орыс құл қазақтардан қашпн құтыламыз,HATE_SPEECH
u_3aaf700231,"Бектеновке дааау 0 коям, бурышка турсын 1 аягын 2 колын котерип",OFFENSIVE
u_7bbcaf0575,"Беті жалпайып орысша сөйлеп отырғандарға айыппұл салу керек деп маймөңкелемей, оларды аяусыз жазалау, қазыққа отырғызу керек. Отыз жылдан астам уақыт болды, әлі бір рет парламент бәр рет қазақ тілінде жиналыс өткізген жоқ. Демек президенттен бастау керек. Қазақ байлары ұлтжанды болсын, жиған-тергендерін Қазақстанды бамытуға жұмсасын!",HATE_SPEECH
u_a6a854ed28,"@user Қазба - байлықта,мұнай - газда, ауыл шаруашылығы - мал,егін шаруашылығына да - мүмкіншілік көп -ұры басшы басқарған ұрлық жайлаған ел да.",OFFENSIVE
u_ef52f0bdd7,"Әрине, барлығы қымбаттаған! Енді, төмендемейді Бұл Үкімет оставкаға кету керек!",OFFENSIVE
u_435bfbc624,ОТЕ КЫМБАТ БАРЫ???? КАШАН БАРЫ АРЗАНДАЙДЫ ЕКЕН ??? ИНВАЛИДТЫН ПЕНСИЯСЫ ЕШНАРСЕГЕ ЖЕТПЕЙДЫ????,OFFENSIVE
u_275cce33db,Ндес.екі.рет.ұсталады.сатып.алғанда.ақша.түскеде.адамдарды.алдамақщы.айдық.төмен.ал.күнде.қымбаттауда.кішкене.кішкене.өосып.алдап.жатыр.адамдарды.құл.етіп.ұстамақшы.система.өзгерей.ештеме.бітпейді.Бектенов.қытай.агенті.деп.жатыргой.ком.услуга.масқара,OFFENSIVE
u_21f08a6dac,"Халықты ойлайтын үкіметті көрген жоқ, мал қылып жіберді ғой",OFFENSIVE
u_ce97ec3bcd,"БУЖЕТТІ ТОЛТЫРЫУ ҮШІН,БИЛІКТЕ ОТЫРҒАНДАРДЫ ҚЫСҚАРТЫУ КЕРЕК ЕКЕН ҒОЙ. НЕДГЕН СҰМДЫҚ АҚША КЕТІП ЖАТЫР .ПАРТЧЛАРДЫ ҚЫСҚАРТЫУ КЕРЕК.",OFFENSIVE
u_ce97ec3bcd,ҚАЗАҚ ТІЛІНДЕ СӨЙЛЕМЕГЕНДЕРГЕ АЙЫП САЛЫУ ДҰРЫС.,HATE_SPEECH
u_b8b53d5a2b,Тоқаиып менистірлеріңмен депудатыңмен қосылып кет қараларыңды батырыңдар қанғып бітіқои ішіп жегенімізден артылмайды кетіңдер барің,OFFENSIVE
u_ce97ec3bcd,"СЕРІК ЖҰМАНҒАРИН?ҚАНАТ ШАРЛАПАЙЕВ,РОМАН СКЛЯР,ТАҒА С.СИЯТЫЛАР НЕ ІСТЕП ЖҮР.",OFFENSIVE
u_a8a6ee1b91,Ассалаумағалейкум Қазақ елі мына заң қабылданса халық көше кезіп кетеді. 100% гарантия беремін. Мен өзім кәсіпкермін зорға жүрміз Қасым Жомарт Тоқаев.,HATE_SPEECH
u_f68e234a81,Бектенов дайындап берген докладтарды қасындағы көмекшілерге оқып береді скляр лепиха сияқты жатып ішерлердге өндіріс 5/пайызға дамыды деп ұялмай айтады онда халықтың аш жалаңаш жүргенін қалай тұсінеміз тоқаев ол халықты орыстандырып орыс тіленде көбіне сөйлейді ол басқа елдердің басшылары тек өздерінің ана тілінде сөйлейді қай қайдағы еш елсыйламайтын окупанттардың тілін өзіміздің ана тілімізден жоғары қояды оның бәрі путиннен қорыққаннан сөйлеиді,HATE_SPEECH
u_3d31fc2548,"ҚАЙДАН ҚАЗАҚ ТІЛІ АЛҒА БАСАДЫ, ТАКАЕВ ҚАЗАҚ ТІЛІН МЕНМІНБЕЙДІ, МАМҚАР ЕМЕС ПЕ ҚАРТАЙҒАНША АНА ТІЛІН МЕНСІНБЕУ, БАСҚА ТІЛДЕРДІ БІЛЕМІН ДЕЙДІ, БАСҚА ТІЛДІ БІЛМЕ ДЕП ЕШКІ АЙТПАЙДЫ, БАРЛЫҚ ТІЛДІ ҚҰРМЕТТЕЙМІЗ, ТІЛДІ БІЛУ МӘДЕНИЕТТІЛІК, БІРАҚ БІЗ ҚАЗАҚПЫЗ, ҚАЗАҚСТАНДА ТРАМЫЗ, ТІЛІМІЗДІ ЕШКІМ АЯАҚҚА ТАПТАУҒА, МАЗАҚ ЕТУГЕ ЖОЛ БЕРМЕЙМІЗ, ТІЛДІ ҚҰРИЕТТЕЙМІЗ, ҚАЗАҚСТАНДА ТҰРАТЫН ӘР АДАМ ТІЛДІ БІЛСІН, МІНДЕТТІ ,ТОҚАЕВ ТІЛДІ БАҒАЛАМАЙДЫ, ЖӘЙ ХАЛЫҚПЕН СӨЙЛЕСПЕЙДІ ЕКЕН, ҚАЗАҚТЫ МЕНСІНБЕЙДІ, КЕТ ДЕЙДІ ҚАЗАҚ",HATE_SPEECH
u_3d31fc2548,"ДӘРІНІ КІМ БАҚЫЛАЙДЫ, ЖАТҚАН МАФИЯ, ОЙЛАЙТЫН ЕШКІМ ЖОҚ ПЕНСИЯНЫҢ КӨБЕ ДӘРІГЕ КЕТЕДІ, БАҒА КҮН САЙЫН ӨЗГЕРЕДІ, НЕГЕ ПЕНСОНЕРЛЕГЕ АРЗАНДАУ БОЛМАЙДЫ, ПРОЕЗД ЗЕЙГЕТКЕРЛЕРГЕ ҚЫМБАТ, МЕН МЕН 8ядемін ДӘРІ АЛУҒА ӘР АПТТЕКАҒА ЮБАРАМЫН,.ЖОЛ АҚЫСЫН СҰРАЙДЫ, БІР АВТОБУСПЕН БАРМАЙСЫН, СОНДА НЕ ІСТЕУ КЕРЕК Шымқала",OFFENSIVE
u_9564a4a15c,НДС тен Министр жепутат общым байлардың дымы кетпиди... Анши блогер тб да.. Қарапайым Халыққа қыйын... Ишкен жегендерин елден ондирип алмакшыгой... Мынау болмайды... Ресейде соғыс болгалы жағдайды осындай қып жиберди... Орыс тонап жатрма қазақты билик тонап болып... Не деген салық мынау,OFFENSIVE
u_fc80612fa6,Бүл оңбағандар млиондарды не үшін алып отыр ұйықтагандары ұшін ба орысша сөйлегендері үшінба баріне сексен бес мың тенге берілсін халықпен бірдей олар елден артықа онсызда бөлінгген ақшаларды жеп пара алып отыр олар оны бүкіл халық біледі,HATE_SPEECH
u_6df1dad4d6,"Қазақ тілін білмеген оңбаған, ұятсыз қазақтарға он есе штраф салу керек.",HATE_SPEECH
u_eb60636481,Қазақ тілін білмеитін адамға аиып пұл салынсын деген сөз тапсырыспен аитылуы мүмкін оны білгеннен не паида тұрмыста билікте ісқағаздар мем мекемелер қазақшаға ауыспаса,HATE_SPEECH
u_cbe332adce,Кәзір жастар әлсіз армияда тамақты далада еркін жүрген жылқы қои етінен беру керек бордақыланған укал салған мал емес сонда боиында намыс руқ қасиет намыс паида болады балдарда сол жағын қолға алыңдаршы,OFFENSIVE
u_36a7b38477,"Қазақ тілін білмегендерге салық, айыппұл салынсын. Министрдің айлық ақысы 85000 болсын. Сонда қарапайым халықтың жагыдайын түсінеді. Тоқ бала аш баламен ойнамайды. Бектенов дымда өзгерткен жоқ, келгенде қарық калам деп уәде берген.",HATE_SPEECH
u_61d0ae38bc,Кумар ойындар мен . Харам кридетерды коргайтын. Кайрымсыз кайршыны колдайтын жогарыдагы кайрымсыз окмет. 99% пайызы Солар 1%пайызы Гана карсы шыгар. Кайрымсыз кайршы. Сондай кайршыларга корган. Халыкты кыналамандар. Былжырак зандарынмен. Оз Арам тамактарынмен терылерынын коргап олып бара жаткан окыметен не умыт ке кайгы. Халыктын,HATE_SPEECH
u_40dba630b2,"Миллион теңгеге қарық боласың деген қазатомпромның лохотронын кім тоқтатады? Топас билік штрафпен салық арқылы ақша жинап халықтың қалтасына қол жүгірткенннн басқа не біледі! Штрафпен салвқты төлейттін бұхара халық, байлар төлемейді. Ең дұрысв ұрланған қаражатпен дүние мүлікті қайтарвңдар күшті болсаңдао.",OFFENSIVE
u_5d8a29027c,"Қазақ тілін білмегендерге,үйренгісі келмегендерге аямай салық салу керек.Міндеттерін дұрыс орындамаған әкім,министрлерге де штраф салу керек,сонда ышқынып халыққа қызымет жасайды.Бектеновтың үкіметін толық таратып,халыққа адал жұмыс істейтін білімді,халықты алдамайтын ,жемқорлықтың дәмін татпаған намысты жастарды тарту керек",HATE_SPEECH
u_6559138068,АШ ХАЛЫҚ ТОҚ БИЛІКПЕН ОИНАМАИДЫ,OFFENSIVE
u_d1d83f1b65,"Дұрыс кімболса да орыс,неміс түрік бәрі төлемін қазақша білмеген штраф төлеу керек",HATE_SPEECH
u_88b352f35e,"Жоғарыда отырғандардың жалақысын қысқартсын ,халықпен теңестірсін сонда ғана олар жерге түседі жан-жағына қарайды әйтпесе недеген жалақы мынау2600000 мың масқара сонда осынша айлық алып не бітіріп жатыр штраф салғаннан басқа не дұрыс қазақ тілін білмейді орысша шүлдірлеп өздерінеде штраф салынсын милиондап теңге",HATE_SPEECH
u_6670ee297f,Қазақ тіліне қажеттілік керек.орыс тілі мемлекеттік тілмен бірдей жүреді дегенді жою керек конституциядан. Мемлекет басшылары барлық жиындарды тек қазақ тілінде жүргізілуі керек.Мемлекет тілін білмейтін мемл қызметкерлерін жұмыстарынан босату керек.,OFFENSIVE
u_2d2a9709a5,"Арамтамақ жемқорлар биліктен кетсін,елде қымбатшылықты қолдан жасап,өздері одан әрі топастанып жатып ішпек...",OFFENSIVE
u_a420a36d14,"Қазақ мемілекетіне кірген орыс пен қытайды түгелін шығару керек ,шекараны жабу керек.",HATE_SPEECH
u_ba3576acdf,Қазақша білмейтіндерге жылына 4000000 миллион теңге салық салынсын жылына 4000000 миллион салық төлегенше қазақшаны оқып үйренеді 1айда 200% кепілдік беремін,OFFENSIVE
u_e42a4c60c1,ТОПАСТАР КЕТІҢ БИЛІКТЕН,OFFENSIVE
u_bbb2aa33b0,Бүл министір жауап бере алмаиды қазақ тілін қолда маса сыиламаса орнын босатсын орыс тілімен сөйлеген ол адам қазақтыда тілінде сыиламаиды,HATE_SPEECH
u_9afe196e7d,"Өзбекістанда тұратын басқа халықтар, орыстар тәжіктер тағы басқа халықтар, бәрі таза өзбекше сөйлейді, өйткені олар, өзбекше әдемі ән айтады, күнделікті өзбектің дәмді тамақтарын жейді! Суын ішеді! Сенбейтіндер Ташкентке барып көріңдер! Боқтампаз аферистер тілі,- орыс тілінде ешкім сөйлеспейді. Біздеде солай болу керек!",HATE_SPEECH
u_16bb289501,Қазақстанда билік жоқ!,OFFENSIVE
u_6e31cf469f,"Біздің үкімет жалтақтап, намыссыз, сорлы ма?Ұрының арты қуыс дегендей бишара үкімет болды ғой, тілін, дінін, халықты ойламаған үкіметтің бізге не пайдасы бар.",OFFENSIVE
u_e6df5a7960,"Вон из моей родины, ты - ВОНЮЧИЙ РУССКИЙ ЯЗЫК! ! ! ! ! Ты Казахстану больше не нужен! ! ! ! ! !",HATE_SPEECH
u_c205400f76,Қуат Ахметов еңбегің жансын ! Сенің амандығыңды құдайға тапсырдық ! Аман бол ! Ресей құрысын .Орыс соғысқа тоймайды .Дүние жүзіндегі соғыстардың барлығына орыс кінәлі Дүние жүзі орыс үкіметін жоюға бір сәтте дайын отыр .Ресей жойылсын !,HATE_SPEECH
u_c8d51e7c28,Еи қазақтар неге Ресеиды аитабересындер ар каисымыз 10 орыстан. 100 ҚЫТАИҒА ШАМАМЫЗ ЖҢТЕДЫ.ЖАСЫМАҢДАР ҚАЗАҒЫМ. НАМЫСТЫ ТАПТАТПАИМЫЗ ӨЛГЕНЫМ ЖАҚСЫ ОРЫСПЕН ҚЫТАИДЫН ҚУЛЫ БОЛМАИМЫН,HATE_SPEECH
u_e31ae32e68,Я твоим ишкакам у себя в России так же буду теперь говорить! Пидарас опущенный!!,HATE_SPEECH
u_04ffceb49c,Өз тілінде сөйлеуге әлі ұяалады қазақтар намысы жоқ мәңгүрттер қорқақ билік құрту керек бұндай билікті ұрлауды ғана біледі,HATE_SPEECH
u_4c558337e8,Қазақстанда қысым көріп жатқан шошқа тілі емес қазақ тілі қазақтар тек қазақша сөйлейміз,HATE_SPEECH
u_9a3175fdeb,ҚУАТТЫҢ ӨЗІ КЕТТІ МЕ ЖОҚ ҚУДЫМА?,OFFENSIVE
u_3397b1184b,"Нағыз фашист орыс тілі,,,,,,,,,өзі елінде,,өзі жерінде қазақша сөйле алмаса,,,несіне ел болады,,орысша сөйлемеңдер,,,ана аттарыңның артындағы ова ов ды алып салыңдар,,,,сорлы болмай.....",OFFENSIVE
u_89c09dc70e,"Бәріміз қорқақ,құл қазақтармыз,біреуді сөйлетуге мәжбүрлемей-ақ,өз-өзімізбен сыбырласпай анық қазақша,дауысымызды шығарып сөйлейікші,, Жооқ,орыс немесе шалақазақ көрсек,жағымсып,қорқып,сен тимесең мен тиме деп,екі ауыз орысшамызды құрап,құртша жорғалаймыз,, Ал ютубта тіл менің жаным,өлем,деп ап,қораны айналып бала-шағасымен орысша сөйлейтін қазақ ел болмас,бәріміз Абаевтан бастап шата монгол,қалмақпыз, ҚАЗАҚ қырылып,жаншылып қалған,,",HATE_SPEECH
u_79f1053919,"Мемлекет басындагыларды барин кетру керек олар оздери казактын тилин билмейди билгисиде келмейди олар турганда казак ултты жойылып кету каупинде тур, буларды отанын елин ултын саткан саткындар деп жаза колдану керек биликттен кетру керек бундай саткындар кетпей елдин жагдайы тузелуи екйталай",HATE_SPEECH
u_89c09dc70e,"Орысқа қазақ қай тілде сөйлегені керек жоқ,бәрін біліп отыр,,Соғыспен кірем десе повод табады,,Олар саяси наезбен бізді өздерінің пайдасына қолданады,, Мысалы, атом станциясын салуға көндіреді,т,б, Биліктен пайда жоқ па? онда проста қазақ тілді,ҚАЗАҚ болайық,орыс тілділерді де билікті де, жеңіп шығамыз,,",HATE_SPEECH
u_1d690ad6c3,Масқара Масқара Масқара,OFFENSIVE
u_45dc607082,"Таза КАЗАКТЫ САТЫП ЖИБЕРГЕН гой, мына, АТАЛАРЫНА налеттер. ОЯН, КАЗАГЫМ!!! КУАТ АХМЕТОВ, кайтарылсын, ОТАНЫМЫЗ ГА!!! КАЗАК, НЕГЕ ШЫКПАЙ СЫН КОШЕГЕ????!!!!.... НЕ ОТЫРЫС, МЫНАУ????!!!!... ЖАН АЙКАЙ КАЙДА?????!!!!!! АЛГА КАЗАХСТАН, АТТАН, ШЫК КОШЕГЕ ЖАППАЙ!!!!",OFFENSIVE
u_6fabc353d5,КАЗАХ ТЫЛЫН ОДАН АРЫ ТАЛАП ЕТЕМЫЗ!!! ТОКТАУ ЖОК!!! АР КАЗАГЫМНЫН МЫНДЕТЫ ОСЫ БОЛУ КЕРЕК!!!,OFFENSIVE
u_e1a1997b67,"кара курт пен россия казактын занын болiп алfан китайкул иен россиякул отан саткындарын казак ата бабалар аманатын комiп тастаfан сiздер неге казак халкын жалfан арам бiлiм жане миллиарддерлер озiн кудай саfан ал жауыздар таfы бай деген халыкты азfырушы арам жауыздар болfан жалfан болса Жусiп Баласуfан,Ал- фараби таfы баска fалымдар мен жазушылар далелдейд",OFFENSIVE
u_e5d6fe3511,"Өзбек халқында мақал бар. "" Егер!!! Орыс болғың келсе, бірінші ҚАЗАҚ бол "" деген. Осы мақалды бұрын Өзбекстанда тұрғанымда түсінбеген едім. Сөйтсем өзбек ағайындар білген екен. Бұл мақалды бұрын (кеңес үкіметі кезде) есіткенмін. Ал орыстың сөзін сөйлеп жүргендерге айтарым мынау: Бір өзбек кісі үйіндегі итіне ұрсып жатыр екен. Менің берген тамағымды жейсіңда, әмәкімнің (ағамның) үйін күзетесің деп. Сол сияқты бізде Қазақстанның нанын жеп,",HATE_SPEECH
u_2281110c01,"БІЗ ҚАЗАҚПЫЗ ҚАЗАҚША СӨИЛЕУДІ КІМНЕН БОЛСА ДА ТАЛАП ЕТЕМІЗ. РЕСЕИДЕ , ҚЫТАИДА ЖҮРІП ҚАЗАҚ ТІЛІН ТАЛАП ЕТІП ЖАТҚАН ЖОҚПЫЗ. НЕ МАСҚАРА. ШІРІГЕН БИЛІКТЕН ЕҢ БОЛМАСА БІР ҚАЗАҚ ТІЛІМ ДЕИТІН БІР АЗАМАТ ШЫҚПАҒАНЫ МА? БӘРІ ШІРІГЕН ЕКЕН ОНДА. РЕСЕИГЕ , ҚЫТАИҒА БАРЫП ҚАЗАҚ ТІЛІН ТАЛАП ЕТІП ЖАТҚАН ЖОҚПЫЗ. ҚАЗАҚСТАНДА ЖҮРГЕН ӘРБІР АДАМ ҚАЗАҚ ТІЛІН БІЛУІ ТИІС.ЗАҢСОЛАИ БОЛУЫ КЕРЕК. БІЛМЕСЕ ҚҰРЫСЫН КЕТСІН ЕЛІНЕ.",HATE_SPEECH
u_590a9e4829,"Біздер Тәлібтерге және олардың мақсат, мүддесіне қосылайық! Ресейге қарсы ұйымға қосылайық! Антиресей ұйымын құрып, ресейдің ішінде де құру керек.",HATE_SPEECH
u_c9bc89248b,"Тіл туралы дауды еңбірінші өкімет шешуі керек, халық онсызда қазақ тіліне зәру.Билік кетсін елден қазақ тілін қолдамаса.Халық осыны талап етеміз Қазақтың ұлан байтақ жерін ата- бабаларымыз алып беріп кеткен, сондықтан ең бірінші тіл мен жер бірінші орындатұруы керек.Кезінде орыстар бізді ванючие бараны деп қорлады ғой, билік үнсіз отырды, ұлтшыл болып тұрғам жоқ, әр ұлт өзінің орнын білсін, қазақ тілін менсінбесе ол келімсектерді ешкім ұстап тұрған жоқ, жоғалтсын көздерін Қазақ жалпақ шешей брлып біткен, енді өзіміздң қолға алуымыз керек.,әсіресе ер азаматтар, біз сіздерді қолдаймыз.Жасасын қазақ тілі!.",HATE_SPEECH
u_2854ca8431,"ЖАСТАРДЫ,ҚАЗАҚТІЛІН ЕКІГЕ БӨЛДІ ,30жылда ОРЫСҚҰЛДАР ЕЛДЕ АУЗЫМЫЗДЫ, АЛА ҚЫЛДЫ БІРІКПЕСІН ҚАЗАҚ ЕКІГЕ БӨЛДІ Бірі орысқа тартса, Елін отан сүймит қарсы мәнгүрт, Бірі дүние байлық елде шарусы жоқ .Ауызала болдық Қазақтың мұңын митинг айту.",HATE_SPEECH
u_652c2f3b74,Маскара!,OFFENSIVE
u_a38f0d4a1a,"ОСЫ АЛЖЫГАН-ШИРЕГЕН МАНГУРТ ШАЛДАР БИЛИК БАСЫНАН КЕТПЕЙНШЕ КАЗАК ЕЛИ ДАМЫМАЙДЫ, АЛ АНА ТИЛИМЗ КАЗАК ТИЛИ ОЗ ЕЛИНДЕ ОЗ ЖЕРИНДЕ ЖЕТИМ БОЛЫП КАЛАБЕРЕДИ ОКИНИШКЕ ОРАЙ.!!!!!!",OFFENSIVE
u_d131d76b85,Пещерные политики куда вы тянете кахский народ,OFFENSIVE
u_5dd4332b20,Жаман үйді қонағы билейді деген рас болды ғой,OFFENSIVE
u_fe6dc6763d,"Масқара екен өз еліңде тұрып , қазақша талап қоямыз барлық жерде жүрсек те",OFFENSIVE
u_016934f7d2,Бізде екі президентте қазақ емес соның нəтижесі,HATE_SPEECH
u_26eac2e89e,Біздің өкіметтегілер Ресей билігінен қорқатын сыяқты... неге??????,OFFENSIVE
u_9ad8ae2b1a,Алла жазаларын берсін жемқор билікті алға қазақтар бірігеиік сатқындарды қуайық аллаһу акбар,HATE_SPEECH
u_9034c8b7b6,Назарбаевқа қазақ ұлты көзіне бәле болып көрінеді басқа ұлттың алдына түсіп жорғалау ол жігерсіздік атаққұмарлық өз қамын ғана ойлайтын адамға ел басқартуға болмайды назарбаев өзінің кім екенін дәлелдей бастады кезінде әлемге өтірік отчет беріп қиял әлемінде өмір сүргізгенмен бәрі көзге көрініп тұрды,HATE_SPEECH
u_7ba7756c4f,"Біздің тәуелсіз елімізде,АНА тіліміз,АТА дініміз,АТА салыт дәстөріміз,Тәрихымыз салтанат құрмаса,Тәуелсіздік кімге керек?!Бұларды қорғай алмау,Орыстың айытқанына жүріу біздің әлыде тәуелсідік алмағанымызды білдыріп тұр.",OFFENSIVE
u_7ba7756c4f,Қалай сонда?!Біздің Ана тіліміз өз елімізде орны болмаса қайда орны болады?Ресейдегі Орыстар ондағы Қазақтрмен Қазақша сөйлесеме?!,OFFENSIVE
u_6a8e18ecf8,Ужас,OFFENSIVE
u_c88b66c3af,Қазақ мемлекетін местни кареннои Қазақ атанып алған қалмақтар басқарып кеткенғои орыстармен бірігіп Қазақтардың сорығои,HATE_SPEECH
u_2854ca8431,"ҚАЗАҚ кімдекім өзінің ақсүт емген Анатілім рухым қазақұлт мұңын айтып егемен азаматық митинг ,Ата бабамыз аңсаған тәуелсіз рухымыз тіліме еркіндік.ҚОРҚАҚ билік орысқұлдар жалтақ камунист.Орыс бйлеген заң",HATE_SPEECH
u_d9aa3989e7,"Кім де кім өзінің ақ сүт емген ана тілін, ұлтын, тарихын, дәстүрін, мәдиеннтін сыйламайтын, білмейтін ол адамдар сатқындар мен мәңгүрттер ! БАУЫРЖАН МОМЫШ ҰЛЫ : "" Кімде кім сол аймақта тұрып сол жергілікті халықтың тілін білмейтін адамдарға, мына адамдар жатады; Қонақтар, аккупанттар мен шеванисттер (топпастар ) ! "" Карл МАРКС: Ақтау қаласы",OFFENSIVE
u_dd71629b61,Кет жокбол патхалиндар,OFFENSIVE
u_7b2b5a2b55,"что вы несёте?! вы себя слышите хоть ,а? лучше бы я в Африке родилась или еще где..",OFFENSIVE
u_1910f4c216,"Билік басындағы мұсылман бауырларым бір ""ау""- демегесін қарарайым жуас халық не істей алады! Аллах тағала!!! мұсылмандарға қорған болып! Залымның жазасын арттыра берсін",HATE_SPEECH
u_ed97840507,"Бызде орыс, немыстер, украйндар,белорустар, гректер т,б улттар коп еды гой ЮКО Шымкет жакта жане олар 90 жылдары елыне кошып кетып жатыр еды орнына оптом вагон - вагон поезбен тажыктер, озбектер кундерын клреалмай каптап кошып келды жане кобейып те кетты сан жагынан казактардан озып . Онтустыктын 70-% тажик,озбектер басып кетты . Быраз жерлер озбекыстанга отып те кеттып жатыр неге соны кадагаламайд ? Бызге не сол керек па .??? Неге ""орыс, орыс""- деп калдындар тыныштык бермей. Олар мигрантар бары тугыш 10,15 баладан туып тагы быраз жылдан сон олар кобейып кетып озымызге кауып келтырып ,атакага шыгып журмесын кару алып озымыздын жерымызден куып .",HATE_SPEECH
u_35eacb655a,"Ой сұмдық ай, естімеген елде көп .... ..... ..... деген осы шығар, ұят-ай, қай бетімді шымшиын демекші. Сонда өз жеріміз өз елімізде тұрып, өз тілімізде сөйлемесек, оны қорғамасақ , біздің тәуелсіздігіміз кімге,және не үшін керек???. Бір емес екі президентіміз қатар салтанат құрып, орыстардың артына кіріп, олардың алдына тізе бүксек, онда біздің ТҮРІК, КӨК БӨРІНІҢ ұрағы болғанымыз кімге керек???. Ал сол тілімізді қорғап, шырылдаған бір азаматымызға ел болып , араша түспесек несіне ҚАЗАҚПЫЗ???. Ондай тәуелсіздік кімге не үшін керек???. Жарайды шет елдегі қандастарымызға араша түсе алмадық, Қытай, Ауғаныстан, тб елдерді қойып , енді Ресей шовинистері ел ішіндегі некен саяқ патриоттарға ауыз салғаны ма???",OFFENSIVE
u_32d49b6a40,"500 жыл орыстар:қырды қорлады.Сотсыз ақ көрінген жерде атты асты.Жеріміздітартып алып ,қан қақсаты.Бірнеше мəрте аштық ұиымдастырып қырып тастап отырды.Репрессиясы тағы бар.Желтоқсанда қаншама жастарымыз шеит болды.Отыз жыл өтсе де Қазақстанның бұкіл супермаркет гипермаркет оқу орындары ,түгел нысандарыорыстардікі ,не қытаи мен дүнгендердікі.Əи сорлы шенеуліктер бүгін уколдарыңды егіп жатырсыңдар.Ертең ел қырылса сендер сияқты миы істемеитін басшылар ешқандаи елге керек жоқсыңдар.Өздеріңді жоқ қылып.Ақшаларыңды бұғаттап тастаиды.Еи сорлы шенеуліктер өз қазағыңды қорлағаның-анаңды қорлағаның.Жалтақтаған қаиқы құирық сабалақ төбеттеи намыссыз беттерің тілінсін.",HATE_SPEECH
u_32d49b6a40,"Сорлы шенеуліктер.Өзін ,елін силата алмаитын дұбара беишара жыннан жаралған жемқорлар.Бұдан өткен масқара бола ма?",OFFENSIVE
u_31017a315f,"ҚЫРТЫМБАС БИЛІК , д.абаев сияқты ЖАБАЙЫ ШОШҚАЛАР КЕТУ КЕРЕК.",OFFENSIVE
u_cfc8d22ae5,Қолдаим дұрыс қазақ елінде қашақша сөилеп қазақша толтырсын қағсздарды орысқұьдар өздеріңді жөндеңдер бұл сатқян саищал билікті бәрін қопару керек,HATE_SPEECH
u_8aaddf66dd,"Сорлы өкімет. Қазақ тілі ,Қазақ тілі жоқпа? Қазақстанда? Қазақ елі митинг шығу керек.",HATE_SPEECH
u_dbbfc1de80,",,КЫТАЕ,, ЖУГАЛСИН,,САЛАМ УЗБЕКИСТОН ДАН",OFFENSIVE
u_015a99eba4,Сол қазақтар ды елге әкелу ойларыңда барма?,HATE_SPEECH
u_c24e280253,"Оттапсындар шешсендер анау еки жигитти арашалап алмайсындарма,Сайрагул апайымыз сендерден комек болмаган сон кетти емеспе баска елге. Сендер бос адамсындар жылы жерде жаткан",OFFENSIVE
u_592d8285d3,"Бекболат Домбра тартшы сен оданда, саясат сенiн не тенiн, депутаттардын рухтары назик екен",OFFENSIVE
u_a6e0cd8f5d,ЖЕПУТАТТАР ҚОЯ ҚОЙЫҢДАР !!!,OFFENSIVE
u_16ec882852,"Өте дұрыс айтасың балам. Бастысы өзіміздің басшыларымыз жол көрсетіп, қазақ тілін қорғап, қай ұлт болсада осы елдің нанын жеп, ауасын жұтып, суын ішіп отырғансоң осы елдің тілін 100пайыз болмасада білу керек, силау керек деп жол сілтеудің орнына орыстардың алдында басын иіп, өз азаматтарын алдарына жығып беріп отыр. Айтарға сөзім жоқ. Не деген намыссыздық, бейшаралық, арсыздық, өз халқын силамағандық, оңбағандық. Басшыларымыз осындай болғансоң олар басымызға шыға береді. Неге біздің азаматтар россияға, не басқа елге барса сол елдің тілінде сөйлейді, міндетті түрде үйренеді. Біздің басшылардың мақсаты түбінде жердіде сатып қытайға, орыстарға, тілімізді жойып өздері шетелге қашып кетіп, қалған халықты қытаймен, орыстың құлы ету деп ойлаймын.",HATE_SPEECH
u_fadc182225,Қуат сен неге кетесің сен қазақстанға керексің орыстар қиналса россияна кетсін аиналаиын қазақтар он тілбіл бірақ қазақ елінде қазақша сөилесеңдерші намыс қаида қазақстанда басқа ұлттар зз тілкнде сөилеиді ал біз мазақ болып жиркеніштк шошқаның тілін сөилеискңдер азаматымыз Қуат нағыз қазақ таза еркек балам елге келқазақша сөилемегендер қазақ елінен кетсін,HATE_SPEECH
u_6d9343f9e6,"Қуат еліне қайтпаса шығамыз көшеге орыстын көтіне кіргендерін қоймаса ресейге қуамыз, Маминді папин ресейге қуамыз, қазақтар шығыңдар, диван батырлар шығыңдар, көттеріңді көтер диваннан.",HATE_SPEECH
u_a1f40ee3d9,Билікті құлатып қазақ тілін қолға алу керек,HATE_SPEECH
u_d56a804386,Недеген сумдык мынау өз қазақ батыр бауырымызды колдай алмайды Казактар неге осындай болдық Масқара,HATE_SPEECH
u_b0aacefd5d,брат біздің қазақтын сатқындар қоп қой бәрі мент мінез,HATE_SPEECH
u_83b8fe010e,"Ассалаумағалейкум халқым. Осындай өзекті мәселерді үйде отырып шешпейді. Қазақ халқы ұлы халық екенін дәлелдегілеріңіз келсе, бар халық бірігіп бас көтеруі керек. Ютуб, фейсбук , ватсаптарда сөйлегенше, бірікпейсіздерме? Біріге көтерген жүк жеңіл деп жай айтпаған шығар. Бір бірден үндеу тастағанда халықты біріктірудің жолын таппайсыздарма? Халқымыздың- ,, бөлінгенді бөрі жейді"""" , деген мақалының мақұрым қалғансыздарма? Бүйтіп халықтың басын қатырмағандарыңыз дұрыс шығар",HATE_SPEECH
u_ed49078258,"Мұны кімге айтып жатырсыңдар....???? 99,99% халықтың түкіргені бар тіліңе..біліміңе.саясатыңа.сатылған жеріңе...Олар сиыр сияқты қарны тойса күйсеп жата береді..кредитке сұндет.тұсау кесер.туған күн сияқты осырып той жасайды..болды на остальное они наплевали.....",HATE_SPEECH
u_f0db67c58a,Биздин билик сорлы коркак ! Назарбай токай биликтен кетсин кетрейк!,OFFENSIVE
u_0b81138ad3,Масқара,OFFENSIVE
u_a3b24cdcc7,"Назарбайски ишактар коркак сумелектер!! Бишара билик кетиндер, Казахстаннан кашындар!!",OFFENSIVE
u_bb53a6cfa6,Біздің билік сатқын ғой!!! Масқара,OFFENSIVE
u_8ddd2c9a9a,"Енді Орыстар және ОрысТілділер Мүлдем Дөрекі ,Есіріп Қазақты және Мемлекеттік Тілін , Заңын Мойындамай , Еліміздің Біртұтастығына Қауіп төндіреді !!!!",OFFENSIVE
u_48d63a1fd5,"Біз, қазақтар барлық салаларда қазақ тілінде қызмет көрсетулерін талап етуіміз керек! Тіл жойылса, ел жойылады!",HATE_SPEECH
u_40e9283f74,Қазақтар қорқақ ұлт екенін үкімет біледі де сондықтан ойларына келгенін істеп жатыр.,HATE_SPEECH
u_c14ef9a5a6,"Масқара өз жерінде ана тілінде қызмет ала алмаған ұлт ол намыссыз сорлы құлдық санадан құтылмаған,болашағы жоқ ел,қырғыз ағайын дұрыс айтады маңқа қазақ деп,отыз жылда тәуелсіз мемлекет болдық деп мақтанатын жағдайымыз жоқ,дүние жүзіне күлкі болдық,сөз жоқ,еш нәрсе түсінбедім?",HATE_SPEECH
u_feb74b8ade,"Неткен сорлы халықпыз, өз жерімізде өз тілімізде сөйлей алмаймыз. Билік қорқақ деп сілтейсаламыз, түбінде өзіміз сондаймыз.",OFFENSIVE
u_7a5177e7cd,"Мәә бұларда қорқақ екенғой, Айтып тұрған сөздері аййййй ‍ ‍ ‍",OFFENSIVE
u_386c2f1510,Осындай педараст көтіләк сатқындардың өздерін тұқымымен қытайға апарып тастау керек. Көрсін қытайдың жақсылығын ...,OFFENSIVE
u_149051891d,ӨҢКЕИ ЖАЛТАҚПАИЛАР,OFFENSIVE
u_27cccd13a6,Все тормозят.,HATE_SPEECH
u_e90efa9d2d,Қарым - қатынас жақсыыы болатын болса сол жақта құл боп жүргендерді әкелмейсіңдерма???,OFFENSIVE
u_772af9ebe5,Мыналардың бәрі басы ауырмайды оларға қазақты сатып ақшаның астында қалыу,HATE_SPEECH
u_90e625e169,коркактар! Тимур!,OFFENSIVE
u_0989d798f5,Депудат Агалар СЕРІКЖАН БІЛАШТІ БОСТАНДЫҚҚА шыгарыңдар СЕРІКЖАН БІЛАШ УЛЫ УЗдерің Айтып Отыргандай ДЕПВЛАМАТТЫҚ жолдармен ҚАЗАҚЫСТАН ЗАҢДАРЫ ҚАЛҚАРАЛЫҚ ЗАҢЫНА негізделе отырып Тауелсіз МЕМЕЛЕКНТ РЕТІНДЕ Қытайдагы 3-Мйлион қазақ қандастарга ҚУҚЫҚТАРЫ тапталганы Туралы Елімізден Қалқарадан кумек сурады. Енді кеп мынау біздің мемелекетке Улкен Масқаралық болды УТІНЕМІН СЕРІКЖАН БІЛАШ УЛЫН БОСАТУЛАРЫҢДЫ ТАЛАП ЕТЕМ.,HATE_SPEECH
u_0989d798f5,СЕРІКЖАН БІЛАШҚА БОСТАНДЫҚ БЕРІЛСІН... САЙРАГУЛГЕ ҚАЗАҚЫСТАН АЗАМАТЫ БЕРІЛСІН.,OFFENSIVE
u_43980f14f1,осы депутаттарга азаннан кешке дейин кытайдын турмесиндеги киналып жаткан казактардын видеосын корсетсе гой сол кезде намыстары оянар ма еди олар да адам гой обал гой,HATE_SPEECH
u_5028e76d27,Ассаллаумағаликум Алаш Елі Бекболат Аға сізді Қазақтан шыққан қайрткер деп білем сіздің Елге жаман атты болғаныңыз ұнамайды депутат сымақтар қытаймен араң жақсы болса неге барып Қазақты алып шықпайсыңдар жалған сөйлеп Халықты алдадым деп ойлайсыңдар ма қытаймен арасы жақсы депутат. пен министрлер бала шағаларыңмен қытайға барып 1 жыл тұрыңдар Қазақ Еліне дәлелдеңдер қытаймен достықтарыңды,HATE_SPEECH
u_995061ceaf,Сонда бұлар біздің қандас бауырларымызды проста құрбандыққа шалайындеп отыр ғой. Əңгіменің шыны керек. Əркім өз....қорғап отыр.,OFFENSIVE
u_6f72a270ee,Ақсақал не деп отырсыз.Қытаиман ара қатынасымыз жақсы деиді ғои.Қан құсып қырылып жатқан қазақтар ше,HATE_SPEECH
u_917179ae76,Қыршыпсындар Назарбаевқа қарап өмір сүресіндерғо бірақ түсінем зан орнындағылар занға қарайдығо. Осарада Ел басымыз басқа занмен қарауға болар еді. Түрік мұсылман Призидентіқұрлы болалмай отыр,HATE_SPEECH
u_b42d82ff28,ШЕШСЕНДЕР ШЕШПЕИСИНДЕР МА ЖОК АЛДЕ ЗАРПЛАТА 1 МИЛ АЛЫП УЙЫКТАП ЖУРЕ БЕРЕСИНДЕР МА СЕН ТИМЕСЕН МЕН ТИМЕЙМИН ДЕП АЛЛАДАН КОРЫКСАНДАРШЫ,HATE_SPEECH
u_a25b8a94bb,"Мыналардың бәрінің артжақтары бос қой, қорқақтап қашқақтап қытайдағы қазақ туралы айтқылары да келмей тұр, бұларды кім соншама жуасытып қойған тұсінбедім,",HATE_SPEECH
u_405a9ead54,Бекболат нəзік нəрсе емес. Аянышты нəрсе ....,OFFENSIVE
u_5c8b4121b7,"Система бүкіл Қазақстаннан ұры-қары, арсыз деген адамдарды сұрыптап депутат қылды, сол нәтижесін беріп тұр.Ұлттық мүддені құлқынға айырбастаған, арты таза емес кілең бір сен тимесең мен тимен бадырақкөздерден не сұрайсың.",OFFENSIVE
u_9e8737de99,Ол оте назык нарседеп қорқып жатудың қажеты жоқ олар америка тисып корсын сотатып жыберед не болмасын оздерынын адамдарын жыберед быздерге келсек укымет оларға ештеңе айтпайды қытайлар қазақтарды қорқақ деп ойлайды содан бызды басын алған қазақстан туралы арамдатушылық шығарып жатыр быздер қазақстанды мақтап айтсақ олар қазақстанды жамандап айтады,HATE_SPEECH
u_1d59f162fd,"Овай кытайга жер сатылды деп , азгырды арандатты журтты оралмандар, Кайсы корсетындершы Гос Акты решенияларынды, Овай кытайда казахты кырып жатыр деды корсетындершы кырып жаткан видеосын, корсетеалмайсындар себебы отырыкке коп сенесындер. Устап жатса кытайдын заны адылетты, екы жактын азаматымен жургендерды устады ол жактан 150000-300000 тг зейнетакы алган Казахстаннан 30000 тг зейнетакы тагы алган,..",HATE_SPEECH
u_df137785a2,Ай Депутат Агалар карын тоиса болды сен дерге,OFFENSIVE
u_ba2e97dce2,Кәнсілдеп,NORMAL
u_a342697cfa,"Кәнсілдетпей, қансырату керек ондайларды.",NORMAL
u_b6376de40f,Қылмыстық істі бастау керек.,NORMAL
u_a342697cfa,Бәрекелді.,NORMAL
u_13cf6ac74e,"2 в сырном лаваше, пожалуйста",NORMAL
u_246911cea2,Жарайсын. Алла жар болсын.,NORMAL
u_9dd0d2b02c,Мемлекетіміз Қазақстан неге қазақша сөйлемейді басқа мемлекеттер өз тілдерімен сөйлейді орысқұлдар,NORMAL
u_26e9c59cf5,"Есіңді жи Алаш, күресеміз бәріміз",NORMAL
u_008606664a,Жазалау керек,NORMAL
u_4d8248b2f8,Оте жарайсыз мен толык колдаймын сотасу керек,NORMAL
u_101adb318a,"Мен қызымды жақтаймын даяшының тілі дедіме айп пұл салыңдар, жаза беріңдер тіліміз жоқ болып кетпесін өз тілімізде сөйлейік",NORMAL
u_c58d699845,Статиямен шығару керек бул орысқұл өлімтіктерді,NORMAL
u_4dce4d8a45,Тілімізді қорлаған иәңгүрттерді менің жендеттерім тауып алып бастарын кесіп алып көшеге іоіп қояды бссқа орысқұлдарға сабақ болады малша бауыздаймыз оның мекен жайын айтып жіберсеңіздер,NORMAL
u_94b2ae14f0,Қазақтың тілін қорлаған адамдарға жаза күшейтілсін айып пұл салынсын басқада қосымша шаралар жасалсын Даяшыны адам қорлы көрмей тұрғаныма МЕН ДАЯШЫМЕН ӘКЕҢНІҢ АУЫЗЫ,NORMAL
u_94b2ae14f0,Ана-тіліміздің мерейі үстем болсын,NORMAL
u_daa47b37fa,айткан жерин таппадым,NORMAL
u_6b92794645,"Өте дұрыс айтасыз , ана тілі арың бұл .",NORMAL
u_ac3244fa83,"Расында жүрегіңе батады,қанды қайнатады, дегенмен мына билік даяршының тілі қып отыр",NORMAL
u_e35503414d,Тілді қорлағандарды жұмыстан босату керек деп ойлаймын ол орыстың ит аяғын жалап жүрген бишара өзінің кімнен екнін білмейдіғой.,NORMAL
u_eb2efb2dff,Аружан дауысың вообще естілмейд,NORMAL
u_2084127cf7,"Ойпырмай, қазақтардың өзі өз тілімізден орыс тілін артық көретіні қалай. Саналары сонша орысқа беріліп кеткен. Бұл деген кез - келген кезде орысты жақтап соларға беріліп кететінінің белгісі ғой. Осындайлар орысша сөйлегенді жетістік мәртебе көреді. Шын мәнінде бастары істемеседе.",NORMAL
u_e6c70658a1,"Жарайтын Карындас,оз тилимизды таптатпайык орыскулдарга, унамаса кетсин ресейине",NORMAL
u_c7bc715202,Қу орысқұлдарды,NORMAL
u_5ab9fc7ffd,"Улттык болмысын жогалткан, мангурттер",NORMAL
u_9a94d77315,Әлсіз жандарға күштері жететіндерғои. Аты жөнін телефон нөмерлерін жариялауынызды сұраимыз. Қатан жауапша тартылсын.,NORMAL
u_e760a7641f,Ана сары басты жұмыстан шығару керек.,NORMAL
u_d52eaa514b,Соттау керек бундаиларды Аитып пул керек емес Статиямен жумыстан куу керек Даиаршы болып или коше сыпырып корсин,NORMAL
u_71fb32dd2d,Тілімізді менсінбейтіндерге Қазақстанда жұмыс берілмесін.,NORMAL
u_519eb524bf,Сүмелек бетін жауып жатыр. Бәрекелді қарындасым.,NORMAL
u_b91b7b6d72,Дурыс онбагандардарды орнына койындар.,NORMAL
u_407b010492,Qazaq tilin сыйламайтын адамдар түрмеге отыру керек,NORMAL
u_d1154f5f8a,Қосыламын талаптарыңызға,NORMAL
u_b3382fba26,Осындай.дұндық.қазақта.оилану.керек.өз.ата.бабасын.қорлаған.сұмраилар.өз.отынын.сатып.кетеді.,NORMAL
u_b708ea8bc6,Казакстанда баска улт окилдери казакша сойлеу керек оз тилимизди озимиз курметтемесек ким курметтейди,NORMAL
u_d9db6d87e5,Осыкалмакпентокаииттиншестеркалариендибиһинтилими за еурынды пасогыстанкашкаа КП кулактардыби за мескирги за ген,NORMAL
u_d9db6d87e5,Иттербиһинтилимиһдинегекорлаисындаорорыситтнокерекболсаанаалхашпутингебарындарбизказакболыптудыкказакболыполемиз,NORMAL
u_16d06ee8b6,Жас кезимизде Актау каласында орыс коп болды солрмен коп шайкастык казакша сойлеп жумыста бизди менсинбейтин еди,NORMAL
u_1d1853b7f4,Дұрыс қарандасым өмір жасың ұзақ болсын.,NORMAL
u_16d06ee8b6,Сойлемесен уйрен деп едим не хочу деди ол катын онда деп кетип калдым,NORMAL
u_16d06ee8b6,Менде Астанада Мега силкуви деген дукенде бир дукенши жас кызга казакша сойле деп едим мне не надо не хочу не буду деди,NORMAL
u_2ab2417a56,Казахский язык первый язык появившийся в мире. Остальные народы приемники Казахского языка. Казахский язык- это Язык Всевышнего.,NORMAL
u_20859e4dd2,"Казак тилин билмейтиндерди, корлагандарды мулдем жумыстан шыгарып, Улкен айыппул толетип, жене ешкандай жумыска кабылданбайтындай етип жазалау керек.",NORMAL
u_6a01271f72,мына жерде мәңгүрт қазағың бар орысың бар бәрін қатаң жазаға тарту керек. алға ҚЗ,NORMAL
u_953eedb2e3,Молодцы ребята,NORMAL
u_3bc4381a56,"Жарайсын кызым тилди корлагандардын озин корлау керек,Тилимизди басынбасын онбагвндар",NORMAL
u_33ced10f64,Өте дұрыс,NORMAL
u_33ced10f64,Өте дұрыс жасадындар.,NORMAL
u_21a4c09222,Дұрыс қарындас. Бұл мәңгүртті орнына қою керек .Орыс тілін алып тастау керек қолданыстан.,NORMAL
u_33581cf387,Бұндай ешектерді орыстың соғысын кетсін.Тілді қорлауға қакысы жоқ.,NORMAL
u_65897097dc,Өте дұрыс айтып отырсың қарындасым. Бұндайларды орнына қойғаның дұрыс болды.,NORMAL
u_eb68352deb,"Ана тылынды корлаганы анасвн корлаганы иттер ай ,кара беттер.",NORMAL
u_2ae87d1326,Онбаган ды елде Шыгарып Жиберу Керек. Барсын,NORMAL
u_cddf19859d,Жараисын кызым оте дурыс Аиналаиын тек гага казакша Алга кызым,NORMAL
u_2e2378790c,Елден заң кабылдап шығарып жибереу керек маскараго Казахстан менсенбеи отырғандарды власть отырған көкелер каидасындар орыстарға кашангы күл болып жүремез,NORMAL
u_5aef2a1834,Жарайсыз алтындай аруымыз,NORMAL
u_fb1d2347f2,Осындай казактаргой оз елине жандары ашвмайды,NORMAL
u_6eb4153316,"Молодец, побольше таких видео.",NORMAL
u_22199f059a,Русский язык билмей ма? Тусинбедим. Адейи улт айыырып жатыр ма?,NORMAL
u_88cc309bb4,Бул Мәңгүрт Малдан Арман. Есек,NORMAL
u_fbb3d5f747,"Токаев соларды ренжытып коят деп ойлайсындарма орыстарды Жан танымен коргайды ,жалгасын кутып каламыз не болганын",NORMAL
u_d7394f6a21,"Ана тілін қорлаған адамның санасы , миы қалай жетеді адамды емдеуге?",NORMAL
u_61bac66c0e,Маскара казах тили кимнин тили дейди.,NORMAL
u_1a10870e35,Бойкот обьявлять ету керек,NORMAL
u_1a10870e35,Дурыс штраф олтирип турып,NORMAL
u_0140ea3946,Орыстарга казак тлинде жауаб бере бериндер .тусунсе тусунед тусунбесе койсын .биз куринген улттын жагдайын кылуга казактар мндетти емес .казак тлин блмеима кетсин уз елине .,NORMAL
u_146a401613,Бундайларды жумыстан шығару керек қой өз тилине жаны ашымаған адам мемелекетке жумыс жасап қарық қылмайды оңбаған,NORMAL
u_552450b5c1,"Жұмыстан шығарумен қатар,ісі сотқа кету керек.Даяшылар адамның қоры болып тұр бұның оиынша.",NORMAL
u_0e7665f38a,Жақындатып сөйлесе жақсы болар еді,NORMAL
u_0e7665f38a,Алыстан былдыр былдыр етпей анық сөйле.,NORMAL
u_066d7545a4,Мемлеттик тилди осылай айткандарга Мемлекеттин саткыны деген бапты Ата занга енгизу керек екен.,NORMAL
u_9a3175fdeb,Ату жазасына кесу керек бұл жексұрындарды.,NORMAL
u_066d7545a4,Тили олген халык тири олген халык,NORMAL
u_751c0a0988,Жарайсыз,NORMAL
u_967b6b581a,жараисыңқазақтың аружаны.осындаи мəнгуртер тусінде қудаи көрсе орыс беинесінде көреді . орыс қарумен келсе осылар қолдаиды.,NORMAL
u_285babce70,Жакында балам жумыс бабымен семеи каласына.барып.тан.галып Келди сол.жерде оз.казагымыз.орысша Бари соилеиди деиди нешшге казахша.соилемеисиндер.десем менимен ерегесип.оз казагым нацисизба деп бале гылды деиди сонан.амал жок.алатын затымды ерегеспеи.сонша жерден.келип алу ушин орысша.со леуге тура келди.менин аитаин дегеним казах казахка жау.боп тур.наиман жеринде.ондаи болады деп оиламаппын деиди балам,NORMAL
u_3ae6d18cb9,Что такое даяшынын?,NORMAL
u_02ee3e25ea,Манкурт казак топас оз тилине карсы шыкан намысыз казак буны корген сон баска ултар не демеиди . Жараисыз казак кызы дурыс жазасыз калмасын негизи бул казак ели ресеи емес,NORMAL
u_52b53ab862,"Молодец аружан,казак тылын корлаган баланын жазасын кешке озымыз куйрыгын майлап аурытпай беремыз",NORMAL
