comment,label
"“ö“±—Ä–º–µ—Ç—Ç—ñ –∫”©—Ä–µ—Ä–º–µ–Ω–¥–µ—Ä, –±–µ–π–Ω–µ—Ä–æ–ª–∏–∫—Ç–µ –æ—Å—ã —Ç–∞“õ—ã—Ä—ã–ø“õ–∞ “õ–∞—Ç—ã—Å—Ç—ã –±–µ–ª–≥—ñ–ª—ñ —Ñ–∞–∫—Ç—ñ–ª–µ—Ä–¥—ñ –∫–µ–ª—Ç—ñ—Ä—É–≥–µ —Ç—ã—Ä—ã—Å—Ç—ã–º! –ë–µ–π–Ω–µ—Ä–æ–ª–∏–∫ –±–µ–ª–≥—ñ–ª—ñ –±—ñ—Ä “±–ª—Ç—Ç—ã –∫–µ–º—Å—ñ—Ç—É –Ω–µ –∂–æ“ì–∞—Ä—ã “õ–æ—é –º–∞“õ—Å–∞—Ç—ã–Ω–¥–∞ –∂–∞—Å–∞–ª–º–∞–¥—ã! –ü—ñ–∫—ñ—Ä–¥–µ –º”ô–¥–µ–Ω–∏–µ—Ç—Ç—ñ–ª—ñ–∫—Ç—ñ, —Ç–æ–ª–ª–µ—Ä–∞–Ω—Ç—ã–ª—ã“õ—Ç—ã –±–∞—Ä—ã–Ω—à–∞ —Å–∞“õ—Ç–∞—É–ª–∞—Ä—ã“£—ã–∑–¥—ã ”©—Ç—ñ–Ω–µ–º—ñ–Ω! “∞–ª—Ç—Ç—ã“£ –∂–∞“õ—Å—ã, –∂–∞–º–∞–Ω—ã –±–æ–ª–º–∞–π–¥—ã.“∞–õ–¢–¢–´“¢, –•–ê–õ–´“ö–¢–´“¢ –Ω–∞–º—ã—Å—ã–Ω–∞ —Ç–∏–µ—Ç—ñ–Ω, –∫–µ–º—Å—ñ—Ç–µ—Ç—ñ–Ω —Å”©–∑–¥–µ—Ä –∂–∞–∑–±–∞—É–ª–∞—Ä—ã“£—ã–∑–¥—ã —Å“±—Ä–∞–π–º—ã–Ω! ""–ñ–ê–ú–ê–ù “∞–õ–¢ –ñ–û“ö, –ñ–ê“í–´–ú–°–´–ó –ü–ï–ù–î–ï –ë–ê–†""",NORMAL
"3–º–∏–ª–ª–æ–Ω–≥–æ –∂–∞–∫—ã–Ω –ö–∞–∑–∞—Ö—Ç—ã –∫—ã—Ä–≥–∞–Ω ..—Å—Ä",HATE_SPEECH
"–ì–∏—Ç–µ–∫–µ –º–∞–ª–∞–¥–µ—ÅüòÇ",HATE_SPEECH
"–ì–∏—Ç–ª–µ—Ä 6 –º–∏–ª–ª–æ–Ω–¥—É —ç–≤—Ä–µ–π–¥–∏  –æ–ª—Ç—É—Ä–±–æ—Å–æ –¥“Ø–π–Ω”©–Ω“Ø –±–∞—Å—ã–ø –∞–ª–º–∞–∫ —ç–∫–µ–Ω",HATE_SPEECH
"–ö—É—Ä—ã–ø –∫–µ—Ç—Å–∏–Ω –µ–≤—Ä–µ–π–ª–µ—Ä, –º—É—Å—É–ª–º–∞–Ω–¥–∞—Ä–¥—ã–Ω –∞—Ç–∞ –∂–∞—É—ã",HATE_SPEECH
"–°–µ–±–µ–±–∏ –æ–ª –æ–∑–∏ –º–∞–Ω–∫ “õ–æ–π. –ù–µ —Ç–∞–ª“õ—ã“ì–∞ —Å–∞–ª—ã–ø –æ—Ç—ã—Ä—Å—ã–Ω–¥–∞—Ä.",OFFENSIVE
"–≥–∏—Ç–ª–µ—Ä–¥—ñ“£ ”©–∑—ñ –µ–≤—Ä–µ–π “ì–æ",HATE_SPEECH
"–ë“Ø–∫—ñ–ª “õ–∞–∑–∞“õ—Å—Ç–∞–Ω–¥—ã–Ω “õ–∞–∑–∞“õ—Ç–∞—Ä—ã –µ–≤—Ä–µ–π –µ–∫–µ–Ω“ì–æ–π –∏—è —Å–æ–Ω–¥–∞? ...",HATE_SPEECH
"–ë—ñ–∑ “ö–∞–∑–∞“õ –∂”©–π—ñ—Ç –¥–µ–ø –∞–π—Ç–∞–º—ã–∑ “ì–æ–π",HATE_SPEECH
"–ö–∞–∑–∞–∫ –µ–ª–∏–Ω–µ –∫—ã—Ä–≥—ã–Ω –°–ê–õ–ì–ê–ù –±–æ–ª—å—à–µ–≤–∏–∫—Ç–µ—Ä–¥–∏–Ω –±–∞—Å—à—ã–ª–∞—Ä—ã –µ–≤—Ä–µ–π–ª–µ—Ä –µ–¥–∏",HATE_SPEECH
"–ï–≤—Ä–µ–π–ª–µ—Ä —É–∂–µ ”ô–ª–µ–º–¥–∏ –∏–π–µ–ª–µ–≥–µ–Ω...",HATE_SPEECH
"–ì–∏—Ç–ª–µ—Ä–≥–µ –µ—Å–∫–µ—Ä—Ç–∫—ñ—à “õ–æ—è—Ç—ã–Ω –±–æ–ª–∞–¥—ã ”ô–ª–µ–º —Ö–∞–ª—ã“õ—Ç–∞—Ä—ã.",HATE_SPEECH
"–ê–õ–õ–ê–• –¢–ê–ê–õ–ê –ì–∏—Ç–ª–µ—Ä —Å–µ–±–µ–± –∫—ã–ª—ã–ø –∂–æ–∫ –∫—ã–ª–¥—ã –ï–í–†–ï–ô–õ–ï–†–î–ò.",HATE_SPEECH
"–ï–≤—Ä–µ–π–ª–µ—Ä–¥—ñ –∞–¥–∞–º–∑–∞—Ç—Ç–∞–Ω –±”©–ª–µ–∫ –ê–¥–¥–∞“ª —Ç–∞“ì–∞–ª–∞–Ω—ã“£ “õ–∞—Ä“ì—ã—Å“õ–∞ “±—à—ã—Ä–∞“ì–∞–Ω “õ–∞—É—ã–º—ã",HATE_SPEECH
"–ò—Ä–∞–Ω–¥–∞—Ä —à–µ–∏—Ç—Ç–µ—Ä ”ô–ª—ñ–∫“Ø–Ω–≥–µ–¥–∏–Ω –µ–≤—Ä–µ–∏–ª–µ—Ä–¥—ñ –∂–µ–∫–∫”©—Ä–µ—Ç...",HATE_SPEECH
"–ò—Å–ª–∞–º–¥—ã –±–∞—Å“õ–∞—Ä—ã–ø –æ—Ç—ã—Ä“ì–∞–Ω –µ–≤—Ä–µ–π–ª–µ—Ä“ì–æ...",HATE_SPEECH
"–ì–∏—Ç–ª–µ—Ä –∂–µ“£–≥–µ–Ω–¥–µ –æ—Ä—ã—Å“õ“±–ª–¥–∞—Ä –º–µ–Ω –∞—Ä–∞–±“õ“±–ª–¥–∞—Ä –±–æ–ª–º–∞–π—Ç—ã–Ω –µ–¥—ñ",HATE_SPEECH
"–ù–µ–≥—ñ–∑—ñ –¥“±—Ä—ã—Å  –ê.–ì–∏—Ç–ª–µ—Ä",HATE_SPEECH
"–∫–µ—Ä—ñ—Å—ñ–Ω—à–µ –æ—Å—ã –≤–∏–¥–µ–æ –∞—Ä“õ—ã–ª—ã –±—ñ—Ä “±–ª—Ç—Ç—ã –∫–µ–º—Å—ñ—Ç—É –±–∞–π“õ–∞–ª–∞–¥—ã, –∫”©—Ä–µ—Ä–º–µ–Ω–¥–µ—Ä—ñ“£ –æ–π—ã–Ω –±—ñ—Ä –∞“ì—ã–º“ì–∞ –±“±—Ä—ã–ø",NORMAL
"@newsatisfaction-01  —Ä–æ–ª–∏–∫—Ç–µ —Å–æ–ª –∑–∞–º–∞–Ω–¥–∞“ì—ã –Ω–µ–º—ñ—Å “õ–æ“ì–∞–º—ã–Ω—ã“£ –∂”ô–Ω–µ –Ω–∞“õ—Ç—ã –ì–∏—Ç–ª–µ—Ä–¥—ñ“£–µ –µ–≤—Ä–µ–π–ª–µ—Ä–≥–µ –¥–µ–≥–µ–Ω –∫”©–∑“õ–∞—Ä–∞—Å—ã–Ω –∫”©—Ä—Å–µ—Ç—É–≥–µ —Ç—ã—Ä—ã—Å—Ç—ã–º.",NORMAL
"–≥–∏—Ç–ª–µ—Ä –º–µ–Ω –ø—É—Ç–∏–Ω –µ–∫–µ—É—ñ –µ–≥—ñ–∑",NORMAL
"“ö–∞–∑–∞“õ—à–∞—Å—ã –ê–¥–æ–ª–ø –ì–∏—Ç–ª–µ—Ä .“õ–∞–∑–∞“õ —Ç—ñ–ª—ñ–Ω–¥–µ —Ñ,—é,–π , –ñ–û“ö...",NORMAL
"@newsatisfaction-01 ”ô–∏, —à–∞—Ç–∞üëø, “±–ª—Ç—Ç–∞ ”ô–∫–µ“£–Ω—ñ“£ –±–∞—Å—ã–±–∞—Ä–º–∞, ”©–∑–∂”©–Ω—ñ“£–¥—ñ –∂”©–Ω–¥–µ–ø –∞–ª, —Ç–µ–∑–µ–∫–±–∞—Åüê∏",OFFENSIVE
"–ë“±–ª –∫–µ—Ä–µ–º–µ—Ç —Ä–æ–ª–∏–∫, –∫“Ø—à—Ç—ñüëåüëç‚úåü§ò",NORMAL
"–ü—É—Ç–∏–Ω–Ω–≤—Ä–µ–∏—É–ª—Ç—ã–Ω–∞–Ω—à—ã–∫–∫–∞–Ω–æ–ª–æ–∏–Ω–∞—Å—Ç–ø–Ω–µ–≤—Ä–µ–∏–¥–µ–Ω—Ç—É–≥–∞–Ω–º–∞—Å–æ–Ω—à–∞–ª–æ–º–æ–≤–¥–µ–≥–µ–Ω–¥–≤–æ–∏–Ω–∏–∫",HATE_SPEECH
"–ñ–æ–π—ã—Ç—Ç–∞—Ä –≥–æ–π",HATE_SPEECH
"""–ê.–ì–∏—Ç—å–ª–µ—Ä. –î–£–ù–ò–Ø–î–ê –ï–ù –ö–ï–ô–ò–ù–ì–ò –ï–í–†–ï–ô –û–õ–ì–ï–ù –ö–ï–ó–î–ï.–ñ–ï–† –ü–õ–ê–ù–ï–¢–ê–°–´–ù–î–ê –¢–´–ù–´–®–õ–´–ö –û–†–ù–ê–ô–î–´.""",HATE_SPEECH
"@tarih.1269  ”®—Ç–µ –¥“±—Ä—ã—Å  –í. –ò –õ–µ–Ω–∏–Ω  –∞—Ç–∞–º—ã–∑ –±—ñ–ª–≥–µ–Ω “ì–æ–π...",HATE_SPEECH
"–ï–≤—Ä–µ–π–ª–µ—Ä–¥–∏ –ü–∞–ª–µ—Å—Ç–∏–Ω–∞–≥–∞ –∫–æ—à–∏—Ä—É —É—à–∏–Ω –∂–∞—Å–∞–ª–≥–∞–Ω –∂–∞–π—Ç –±—É–ª",HATE_SPEECH
"“ö–∞–∑—ñ—Ä–¥–µ –æ—Å—ã–ª–∞–π –µ–º–µ—Å–ø–µ ? –°“±—Ä–∞“õ –æ—Å—ã?",NORMAL
"–ì–∏—Ç–ª–µ—Ä–¥—ñ –µ–Ω–¥—ñ —Ç“Ø—Å—ñ–Ω–¥—ñ–∫ “õ–æ–π",HATE_SPEECH
"–ê–ª—Ç—ã –º–µ–ª—ë–æ–Ω –∞–∑ –∞–∑ –µ–∫–µ–Ω.",HATE_SPEECH
"""–ê–ª–ª–∞—Ö—É –ê–∫–±–∞—Ä ! —ç–≤—Ä–µ–π–ª–µ—Ä–¥–∏ –º—É—Å—É–ª–º–∞–Ω–¥–∞—Ä –∫—ã—Ä—ã–ø –∂–æ–∫ –∫—ã–ª–∞—Ç ‚úä""",HATE_SPEECH
"–ë”ô—Ä—ñ–Ω “õ—ã—Ä—ã–ø —Ç–∞—Å—Ç–∞—É –∫–µ—Ä–µ–∫ –µ–¥—ñ —Å–æ–ª –∫–µ–∑–¥–µ .–ø–æ–ª–∏—Å—Ç–∏–Ω–∞–Ω—ã –∞–ª–¥–∞–ø –∂–µ—Ä—ñ–Ω–µ –∫—ñ—Ä—ñ–ø –∞–ª—ã–ø .–µ–Ω–¥—ñ –æ–π—ã–Ω–∞ –∫–µ–ª–≥–µ–Ω—ñ–Ω –∂–∞—Å–∞–ø –æ—Ç—ã—Ä",HATE_SPEECH
"""–ë–∞–π“õ—É—Å –ì–∏—Ç–ª–µ—Ä–≥–µ –∂–∞–Ω—ã–º –∫–µ–π—ñ–Ω–Ω–µ–Ω –∞—à–∏ –±–∞—Å—Ç–∞–¥—ã...""",HATE_SPEECH
"–ö–µ–∑–∏–Ω–¥–µ –°–°–°–†–¥–µ –∫–æ–º–º—É–Ω–∏—Å—Ç–µ—Ä –∫—É—Ä–∞–º—ã–Ω–¥–∞ –µ–≤—Ä–µ–π–ª–µ—Ä –∫–æ–ø –±–æ–ª–≥–∞–Ω...",HATE_SPEECH
"–ë–∞—Ä–ª—ã“õ –Ω–∞—Ü–∏—è–¥–∞ –∂–∞–º–∞–Ω—ã –¥–∞ –∂–∞“õ—Å—ã—Å—ã –¥–∞ –±–∞—Ä...",NORMAL
"”®—Ç—ñ—Ä—ñ–∫ –∞“õ–ø–∞—Ä–∞—Ç –º—ã–Ω–∞—É, –ï–≤—Ä–µ–π–ª–µ—Ä–¥—ñ“£ –±–∞—Å—Ç—ã “õ–∞–ª–∞—Å—ã –ò–∑—Ä–∞–∏–ª—å...",NORMAL
"–û–Ω—Ç–æ—Ä—Ç–Ω—à—ã,–≥–∞—Å—ã—Ä–¥–∞–Ω,–±–µ—Ä—ã...",NORMAL
"–§—é—Ä–µ—Ä –¥—ñ“£ ”©–∑—ñ –∞—Ä–∏–ª—ñ–∫ —Ä–∞—Å—ã –∞–¥–∞–ª –±–æ–ª–º–∞–¥—ã...",NORMAL
"“ö–∞–∑–∞“õ—Ç–∞—Ä –∂”©–π—ñ–¥ –¥–µ–≥–µ–Ω",HATE_SPEECH
"–Ø—Ö—É–¥–∏–π–ª–µ—Ä–¥—ã –ì–∏—Ç–ª–µ—Ä –∫—ã—Ä—ã–ø “Æ—Å–ø–µ—Ç –µ—Ç–ø–µ–¥—ñ...",HATE_SPEECH
"–ñ”©–π—Ç (–∞–¥–∞–º –∂–µ–≥—ñ—à) –¥–µ–π–º—ñ–∑...",HATE_SPEECH
"""“ö–∞–∑–∞“ì—ã–º! ‚Äú–û—Ä—ã—Å‚Äù –¥–µ–ø –∞–π—Ç–ø–∞“£—ã–∑–¥–∞—Ä—à—ã, ”©—Ç—ñ–Ω—ñ—à! ...""",NORMAL
"–°–æ–ª –≥–∏—Ç–ª–µ—Ä “õ—ã—Ä“ì–∞–Ω–Ω—ã“£ ”©–∑—ñ–Ω–¥–µ –µ–≤—Ä–µ–π–ª–µ—Ä –æ—Å—ã–Ω–¥–∞–π –±–æ–ª—ã–ø –∂–∞—Ç—ã—Ä...",HATE_SPEECH
"–ö–∞–∑–∏—Ä–¥–µ –µ–≤—Ä–µ–∏–ª–µ—Ä –ê–º–µ—Ä–∏–∫–∞–Ω—ã –±–∞—Å–∫–∞—Ä—ã–ø –æ—Ç—ã—Ä",HATE_SPEECH
"–ñ–æ—Ç—Ç–µ—Ä –∞–¥–∞–º –∂–µ–≥–µ–Ω...",HATE_SPEECH
"@Can-xi2ch  “ö–∞–∑–∞“õ —Ç—ñ–ª—ñ–Ω–¥–µ –§,–Æ,–ô –Ω–µ–≥–µ –∂–æ“õ –¥–µ–π—Å—ñ“£,–±–∞—Ä!!!...",NORMAL
"@Can-xi2ch  ü§¶üèª‚Äç‚ôÄÔ∏èüëé",OFFENSIVE
"@–ñ–∞–Ω–Ω–∞-—è8–π  –°–µ–Ω “õ–∞–∑–∞“õ —Ç—ñ–ª—ñ ”ô—Ä—ñ–ø—Ç–µ—Ä—ñ–Ω –±—ñ—Ä “õ–∞–π—Ç–∞–ª–∞–ø —à—ã“õ üòÇüòÇ...",OFFENSIVE
"–û—Ä—ã—Å—Ç–∞—Ä—ç–µ–Ω",NORMAL
"‚ù§‚ù§‚ù§‚ù§‚ù§‚ù§‚ù§",NORMAL
"–£–∞–π—ã–º–¥–∞–º–∞ –±–∞—Ä–∏ —Ç—É—Å–∏–Ω–∏–∫—Ç–∏",NORMAL
"–ö",NORMAL
"–ê–º–∞–Ω—Ç–∞–π –¢–æ–π—à—ã–±–∞–π“±–ª—ã–Ω—ã“£ –∂–∞–∑–±–∞—Å—ã–Ω –æ“õ—ã–ø –±–µ—Ä–¥—ñ“£ “ì–æ–π",NORMAL
"–Ø—Ö—É–¥–∏–ª–µ—Ä-–µ–≤—Ä–µ–π–ª–µ—Ä –ê–ª–ª–∞“ª—Ç—ã“£ “õ–∞“ª–∞—Ä—ã–Ω–∞ “±—à—ã—Ä–∞“ì–∞–Ω “±–ª—Ç –µ–∫–µ–Ω—ñ–Ω “±–º—ã—Ç–ø–∞“£—ã–∑...",HATE_SPEECH
"–ê–π—É —à—ã“ì–∞—Ä.‚Äã @Can-xi2ch",OFFENSIVE
"""–Ω–µ –∂–∞–∑—ã–ø —Ç–∞—Å—Ç–∞–≥–∞–Ω—Å—ã–∑ 2 –∫–æ–º–º–µ–Ω—Ç –ø—Ä—è–º ... –æ—Ä—ã—Å—Ç–∞—Ä–¥—ã–Ω –µ–≤—Ä–µ–π–ª–µ—Ä–¥—ñ–Ω –∫”©–±—ñ—Å—ñ –º—Ä–∞–∑—å–¥–∞—Ä“ì–æ""",OFFENSIVE
"–ì–∏—Ç–ª–µ—Ä –±–µ–∫–µ—Ä–≥–µ –∫—ã—Ä–º–∞–≥–∞–Ω...",HATE_SPEECH
"–í–û–û–ë–©–ï–ú –ì–ï–†–ú–ê–ù–ò–Ø –î“∞–†–´–° –Ü–°–¢–ï–ü –ï–î–Ü...",HATE_SPEECH
"–ó1–∫1—Ä —Å–∞–ª—É—à—ã —Ö–∞–ª—ã–∫  –∞–¥–∞–º–¥—ã–∫ –∫–∞—Å–∏–µ—Ç–µ–Ω –∂—É—Ä–¥–∞–π",HATE_SPEECH
"“ö–∞–∑–∞“õ ”©–∑i–Ω–µ “ì–∞–Ω–∞ —Å–µ–Ω—É –∫–µ—Ä–µ–∫...",NORMAL
"–æ–ª–∞—Ä —Ç—ñ—Ä—ñ –±–æ–ª—ã–ø –∫”©–±–µ–π–≥–µ–Ω–¥–µ...",HATE_SPEECH
"–ñ—É—É—Ç –¥–µ–π—Ç—ñ–Ω 65 –∂—ã–ª –±“±—Ä—ã–Ω.",NORMAL
"–°–æ–ª–¥–∞ —Å“±—Ä–∞“õ–ø–∞? –ï—É—Ä–µ–∏–¥—ñ –∫—ñ–º –∂–∞“õ—Å—ã –∫”©—Ä–µ–¥—ñ –¥–µ—Å–µ–∏ .",HATE_SPEECH
"–ö–∞–∑–∞–∫—Ç–∞—Ä–¥—ã–Ω –∞–≥–∞–π–Ω—ã –±–æ–ª–≥–∞—Å—ã–Ω –∂–µ–∫ –∫–æ—Ä–¥! –ì–∏—Ç–ª–µ—Ä –µ–≤—Ä–µ–π –±–∞—Ä–∞–Ω–¥–∞—Ä–¥—ã",HATE_SPEECH
"–ë“±–ª —Ö–∞–ª—ã“õ –µ–Ω–¥—ñ –µ—Å—ñ—Ä—ñ–ø –∂–∞—Ç—ã—Ä...",HATE_SPEECH
"”®—Ç—ñ—Ä—ñ–∫ 6–º–∏–ª–ª–∏–æ–Ω ”©–ª—Ç—ñ—Ä–≥–µ–Ω –∂–æ“õ...",HATE_SPEECH
"–°–æ–ª —Å–æ—Ç“õ–∞ –ø—É—Ç–∏–Ω–º–µ–Ω —Å–æ–Ω—ã“£ —Å—ñ–ª—ñ–º—Ç—ñ–∫—Ç–µ—Ä—ñ–Ω–¥–µ –∞–ø–∞—Ä—É –∫–µ—Ä–µ–∫.",NORMAL
"–¢–∞–º–∞—à–∞",NORMAL
"–ì–∏—Ç–ª–µ—Ä —Ç–µ–≥—ñ–Ω –∞–¥–∞–º –µ–º–µ—Å...",HATE_SPEECH
"–ï–≤—Ä–æ–ø–∞ –µ–ª–¥–µ—Ä—ñ–¥–µ  –ì–∏—Ç–ª–µ—Ä–¥–µ, –ï–≤—Ä–µ–π–º–µ–Ω –¶—ã–≥–∞–Ω–¥–∞—Ä–¥—ã –∞—Ä–∞–º —Ç–∞–º–∞“õ  –ø–∞—Ä–∞–∑–∏—Ç—Ç–µ—Ä –¥–µ–ø  “õ–∞–±—ã–ª–¥–∞–¥—ã.",HATE_SPEECH
"–ë—ñ–∑–¥—ñ–Ω –µ–ª–¥–µ –æ—Ä—ã—Å—Ç–∞—Ä –±–∞–π—ã–ø –∫–µ—Ç–∫–µ–Ω —Å–µ–∫—ñ–ª–¥—ñ“ì–æ...",OFFENSIVE
"–ü–æ–ª–Ω—ã–π –∂–æ–π—ã–ø –∂–∏–±–µ—Ä—É –∫–µ—Ä–µ–∫ –µ–¥—ñ 2 –º–∏—Ä–æ–≤–æ–π–¥–∞ –∞–∫",HATE_SPEECH
"“ö–∞–∑–∞“õ—Ç–∞ –æ–ª–∞—Ä–¥—ã –∂”©–π—Ç –¥–µ–≥–µ–Ω",HATE_SPEECH
"–ù–µ–º—ñ—Å—Ç–µ—Ä –µ–≤—Ä–µ–π–ª–µ—Ä–≥–µ –≥–µ–Ω–æ—Ü–∏–¥ –∂–∞—Å–∞—Å–∞...",NORMAL
"–ì–ò–¢–õ–ï–† –î“∞–†–´–° –û–ô–õ–ê“í–ê–ù –ï–ö–ï–ù, –ñ”ò–ù–ï –î“∞–†–´–° –ñ–ê–°–ê“í–ê–ù –ï–ö–ï–ù",HATE_SPEECH
"—Å–æ“ì–æ –æ–ª–∞—Ä–ª—ã–Ω –∫”©–±—ñ “õ–æ—Ç–∞“õ–±–∞—Å—Ç–∞—Ä –æ—Ä—ã—Å—Ç–∞—Ä–¥—ã“£–¥–∞ –∫”©–±—ñ –º—Ä–∞–∑—å–¥–∞—Ä",OFFENSIVE
"—Ç–µ—Ä–æ—Ä–∏—Å—Ç –µ–ª –µ–∫–µ—É—ñ",OFFENSIVE
"–û–ª–∞—Ä–¥—ã“£ –∂–µ—Ä—ñ –µ—à“õ–∞—à–∞–Ω –±–æ–ª–º–∞“ì–∞–Ω...",NORMAL
"–ï–≤—Ä–µ–π–ª–µ—Ä–¥—ñ –∂–µ–∫ –∫”©—Ä–≥–µ–Ω –∂–æ“õ! –ë“±–ª —Å–∞—è—Å–∞—Ç!",NORMAL
"–ï–Ω–¥—ñ –µ–≤—Ä–µ–π–ª–æ—Ä “õ–∞–∑—ñ—Ä–≥—ñ —Ç–∞“£–¥–∞ —Å–æ“ì—ã—Å –∏–µ–ª–µ—Ä—ñ –±–æ–ª–¥—ã",NORMAL
"“ö–∞–∑—ã—Ä–≥—ñ –ò–∑—Ä–∞–∏–ª—å–¥—ã “õ“±—Ä—É —É—à—ñ–Ω 6 –º–∏–ª–ª–∏–æ–Ω –µ–≤—Ä–µ–π–¥—ñ...",HATE_SPEECH
"–ú“±—Å—ã–ª–º–∞–Ω–Ω—ã–Ω –µ–Ω –±—ñ—Ä—ñ–Ω—à—ñ –∂–∞—É—ã “õ–∞–Ω—à–∞–º–∞ –∂—ã–ª–¥–∞–Ω –±–µ—Ä—ñ –∑–∏—è–Ω—ã–Ω —Ç–∏–≥—ñ–∑—ñ–ø –∫–µ–ª–µ –∂–∞—Ç—ã—Ä",HATE_SPEECH
"–û–Ω–¥–∞–π –≥–µ–Ω–æ—Ü–∏–¥ –∫–µ –ö–µ–∑—ñ–Ω–¥–µ “ö–∞–∑–∞“õ—Ç–∞—Ä–¥–∞ “±—à—ã—Ä–∞“ì–∞–Ω...",NORMAL
"22.06.25–∂. –ò–†–ê–ù–î–ê“í–´ –ñ–ê“í–î–ê–ô–î–ê–ù –°–û“¢ –ö”®–†–Ü–ü –û–¢–´–†–ú–´–ù. –ì–ò–¢–õ–ï–†–î–Ü“¢ “ö–ê–î–Ü–†–Ü–ù –ï–ù–î–Ü –¢“Æ–°–Ü–ù–ï–† –ê–î–ê–ú–ó–ê–¢",HATE_SPEECH
"–°–æ–ª –∑–∞–º–∞–Ω–¥–∞ –Ω–µ–º–∏—Å –±–∏–ª–∏–≥–∏ –º—É—Å—ã–ª–º–∞–Ω —Ö–∞–ª–∫—ã–Ω –∫—É—Ä–º–µ—Ç—Ç–µ–≥–µ–Ω...",NORMAL
"“ö“±–¥–∞–π–ª–∞—Ä—ã ... –∞“õ—à–∞ , –¢”©–º–µ–Ω —Ö–∞–ª—ã“õ üëéüëéüëé",HATE_SPEECH
"–ù–µ–º1—Å —Ö–∞–ª–∫—ã  –æ—Ç1—Ä1–∫—Ç1 –º–∞–∫—Ç–∞–Ω—à–∞–∫ –µ–º–µ—Å –∞–¥1–ª —Ö–∞–ª—ã–∫",NORMAL
"–ü–æ–ª—à–∞–ª—ã“õ—Ç–∞—Ä–¥—ã “õ—ã—Ä–¥—ã. 6 –ú–∏–ª–ª–∏–æ–Ω",NORMAL
"“ö–∞–∑–∞“õ—Ç–∞ –ï–≤—Ä–∏–ª–µ—Ä–¥—ñ –∂”©–π—Ç –¥–µ–ø –∞—Ç–∞“ì–∞–Ω...",HATE_SPEECH
"""–ê. –ì–∏—Ç–ª–µ—Ä —É–ª–≥–µ—Ä–º–∏ –∫–∞–ª–¥—ã –¥–æ –∫–æ–Ω—Ü–∞ –∫—ã—Ä—ã–ø, –µ–≤—Ä–µ–π–ª–µ—Ä–¥–∏ ! ...""",HATE_SPEECH
"–ë“±—Ä—ã–Ω –æ—Å—ã –≥–∏—Ç–ª–µ—Ä–¥—ñ, –Ω–µ–¥–µ–≥–µ–Ω –∂–∞—É—ã–∑ –¥–µ–π—Ç—ñ–Ω –µ–¥—ñ–º‚Ä¶ “õ–∞–∑—ñ—Ä –±“±–ª –≥–∏—Ç–ª–µ—Ä –≥–µ—Ä–æ–π –±–æ–ª—ã–ø —Ç“±—Ä “ì–æ–π))",HATE_SPEECH
"–ì–∏—Ç–ª–µ—Ä –≥–∞–Ω–∞ –µ–º–µ—Å –±—É–∫—ã–ª –¥—É–Ω–∏–µ –¥—É–∑—ã –∫–∞—Ä—Å—ã –±–æ–ª–≥–∞–Ω –∫—É–≥–∞–Ω...",HATE_SPEECH
"–ï–≤—Ä–µ–π–ª–µ—Ä–¥–µ –∂–µ—Ä–∏ –±–æ–ª–º–∞–≥–∞–Ω",NORMAL
"–ì–∏—Ç–ª–µ—Ä–¥–∏ –∫–æ–ª–¥–æ–π–º –¥–µ–ø —ç—á –æ–π–ª–æ–≥–æ–Ω —ç–º–µ—Å–º–∏–Ω...",HATE_SPEECH
"–ö–µ–∑–∏–Ω–¥–µ –ì–∏—Ç–ª–µ—Ä –±–∏–ª–≥–µ–Ω –µ–∫–µ–Ω –¥–∞...",HATE_SPEECH
"–ï–≤—Ä–µ–π–ª–µ—Ä ”©–∑–¥–µ—Ä—ñ–Ω–µ–Ω –±–∞—Å“õ–∞–Ω—ã –æ–π–ª–∞–º–∞–π–¥—ã –µ–∫–µ–Ω...",HATE_SPEECH
"üáÆüá±üê∑üáÆüá±üê∑üáÆüá±üê∑üáÆüá±üê∑",HATE_SPEECH
"–ê–¥–∞–º –∂–µ–≥—ñ—à –∂”©–π—Ç—Ç–µ—Ä",HATE_SPEECH
"–û–ª –±–∞—Ä–∏–Ω –∂–µ–∫ –∫–æ—Ä–¥–∏. –ë–∞—Ä–ª—ã–∫ –∞–¥–∞–º–¥–∞—Ä–¥—ã. –°–æ—Å—ã–Ω —Å–æ–≥—ã—Å –∞—à—Ç—ã.",NORMAL
"–ì–∏—Ç–ª–µ—Ä –±–∞—Å—Ç–∞“ì–∞–Ω –ò—Ä–∞–Ω –∞—è“õ—Ç–∞–π–¥—ã",HATE_SPEECH
"üëç",NORMAL
"–ö”ô–∑—ñ—Ä   –∫”©–±–µ–π—ñ–ø   –∫–µ—Ç—ñ     –µ–≤",NORMAL
"""–ë”ô—Ä—ñ –∂–æ—Å–ø–∞—Ä–ª–∞–Ω“ì–∞–Ω –°–¶–ï–ù–ê ...""",HATE_SPEECH
"–ï–≤—Ä–µ–π–ª–µ—Ä –ø–ª–∞–Ω—ã 2-–¥“Ø–π–Ω”©–ª“Ø–∫ —Å–æ–≥—É—à—Ç—É —É—é—à—Ç—É—Ä—É–ø...",HATE_SPEECH
"""–õ–∞–ø—à–∞,–µ–≤—Ä–µ–π–ª–µ—Ä–¥—ñ“£ –±–∞–π “õ—ã–ª–º—ã—Å—Ç—ã“õ —Ç–æ–ø—Ç–∞—Ä—ã –∫–µ–ª—ñ—Å–µ –∞–ª–º–∞–π “õ–∞–ª–¥—ã –¥–∞ ...""",HATE_SPEECH
"–û–π –±–∞–π“ì“±—Å –µ–≤—Ä–µ–π–ª–µ—Ä–¥—ñ“£ –∫”©—Ä–º–µ–≥–µ–Ω—ñ –∂–æ“õ –µ–∫–µ–Ω-–∞—É...",NORMAL
"–ú–µ–Ω—ñ“£ –æ–π—ã–º—à—ã –ò–∑—Ä–∞–∏–ª—å –º–µ–º–ª–µ–∫–µ—Ç—ñ–Ω—ñ“£ “õ“±—Ä—É–ª—É—ã–Ω—ã“£ –±–∞—Å—Ç—ã —Å–µ–±–µ–±—ñ...",NORMAL
"–ì–∏—Ç–ª–µ—Ä–≥–µ –≤–æ–ª—Ñ –º–µ—Å—Å–∏–Ω–≥ –µ–≤—Ä–µ–∏ —Å–æ–≤–µ—Ç—Å–∫–∏–π  —Å–æ—é–∑–¥–∞–Ω –∂–µ–Ω–∏–ª–µ—Å–∏–Ω –¥–µ–¥–∏...",HATE_SPEECH
"–ì–∏—Ç–ª–µ—Ä –∏–∑ –ø–ª–µ–º–µ–Ω–∏ –∞—Ä–∏–π—Ü—ã...",NORMAL
"–Ø—Ö—É–¥–∏–ª–µ—Ä –∞—Ä–∞–º –±–æ–ª–≥–∞–Ω –æ–ª–∞—Ä –º“±—Å—ã–ª–º–∞–Ω–Ω—ã“£ –∂–∞—É—ã",HATE_SPEECH
"–ë—É–ª –µ–≤—Ä–µ–π–ª–µ—Ä –æ—Ç–µ –∫—É –∑–∞–ª—ã–º –¥—É–Ω–∏–µ –∂—É–∑—ã–Ω –∫—É—Ä—ã—Ç—É–¥–∞...",HATE_SPEECH
"–ì–∏—Ç–ª–µ—Ä–¥—ñ –±—ñ—Ä –∫“Ø–Ω—ñ “õ“±—Ä–º–µ—Ç—Ç–µ–π–º—ñ–Ω –¥–µ–ø –æ–π–ª–∞–º–∞–ø–ø—ã–Ω –±—ñ—Ä–∞“õ –¥”ô–ª –æ—Å—ã –≤–∏–¥–∏–æ–¥–∞–Ω –∫–µ–π—ñ–Ω...",HATE_SPEECH
"–ê–î–û–õ–¨–§ –ú–´–†–ó–ê –ï–í–†–ï–ò–î–Ü“¢ “ö–ê–ù–î–ê–ô –ó“∞–õ–´–ú –ï–ö–ï–ù–Ü–ù...",HATE_SPEECH
"–ï–≤—Ä–µ–ª–µ—Ä –∞“õ—ã–ª–¥—ã –±–æ–ª—ã–ø –∫–µ—Ç—Ç—ñ",NORMAL
"–ö”©—Ä–¥—ñ“£–¥–µ—Ä–º–∞ –ü–∞–ª–µ—Å—Ç–∏–Ω–∞ –ò–∑—Ä–∞–∏–ª—å –î—ã “õ“±—Ç“õ–∞—Ä—ã–ø “õ–∞–ª–¥—ã",NORMAL
"“ö–∞–∑–∞“õ—Ç–∞—Ä –±“±—Ä—ã–Ω–Ω–∞–Ω –µ–≤—Ä–µ–π–ª–µ—Ä–¥—ñ –∂”©–π—ñ—Ç –¥–µ–ø –∞—Ç–∞–π–¥—ã.",HATE_SPEECH
"–ò—è,–µ—Å—Ç—ñ–≥–µ–Ω–¥–µ —Å—ñ–∑–¥—ñ“£ –∫”©–∑—ñ“£—ñ–∑–≥–µ –∂–∞—Å –∫–µ–ª–µ–¥—ñ...",NORMAL
"–û–Ω–∞ –µ–≤—Ä–µ–π –≤—Ä–∞—á –ø—ã—à–∏–ø –∫–æ–π–¥—ã–≥–æ–πüòÇüòÇ",OFFENSIVE
"–ù–µ–º–∏—Å –≥–∏—Ç–ª–µ—Ä –∞–π—Ç–∫–∞–Ω–≥–æ –±–∏—Ä–∞—Å —ç–≤–∏—Ä–∫–π –∫–∞–ª—Ç—ã—Ä–¥—ã–º –±–∏–ª–∏–ø –∞–ª–∞—Å—ã–Ω–∞—Ä –¥–µ–ø –∞–π—Ç–∫–∞–Ω",HATE_SPEECH
"–û–Ω –º—ã“ì–∞ –∂—É—ã“õ –Ω–∞—Ü–∏—Å—Ç–µ—Ä –æ“£—Ç“Ø—Å—Ç—ñ–∫ –∞–º–µ—Ä–∏–∫–∞“ì–∞ “õ–∞—à—ã–ø –∫–µ—Ç–∫–µ–Ω...",NORMAL
"–î“Ø–Ω–∏–µ–¥–µ–≥—ñ –ª–∞—Å –∑–∞—Ç—Ç–∞—Ä –æ—Å—ã –µ–≤—Ä–µ–π–ª–µ—Ä–¥–µ–Ω —à—ã“ì–∞–¥—ã,–∫–µ–∑—ñ–Ω–¥–µ “õ–∞–∑–∞“õ—Ç—ã –∞–ª–¥–∞–ø —Å–æ“õ“õ–∞–Ω...",HATE_SPEECH
"–ö–∞–Ω–∞–ª“ì–∞ —Å”ô—Ç—Ç—ñ–ª—ñ–∫.–ï–≤—Ä–µ–π–ª–µ—Ä –±–∏–ª–µ–ø –æ—Ç—ã—Ä.",HATE_SPEECH
"–ì–∏—Ç–ª–µ—Ä–¥—ñ“£ ”ô–∫–µ—Å—ñ –µ–≤—Ä–µ–π –±–æ–ª—Å–∞ ”©–∑—ñ–Ω–¥–µ –µ–≤—Ä–µ–π“ì–æ–π –æ–Ω–¥–∞.",NORMAL
"–∫–µ–∑–∏–Ω–¥–µ —Å—É–π–∫—Ç—ã —Ö–∞–ª–∫—ã –±–æ–ª–≥–∞–Ω –∞–ª–ª–∞—Ö—Ç—ã–Ω, –∫–µ–π–Ω –∫–∞—Ä–≥—ã—Å –∞—Ç–∫–∞–Ω...",HATE_SPEECH
"–ö”ô–∑—ñ—Ä–¥–µ –±–∞—Ä–ª—ã“ì—ã –µ–≤—Ä–µ–π–ª–µ—Ä–≥–µ —Ç–∏–µ—Å—ñ–ª—ñ –¥–æ–ª–ª–∞—Ä –º“±–Ω–∞–π –∞–ª—Ç—ã–Ω “õ–∞—Ä—É",HATE_SPEECH
"–ú–æ–ª–æ–¥–µ—Ü –±–∞—É—Ä—É–º üá∞üá¨üá∞üá¨üá∞üá¨üá∞üáøüá∞üáøüá∞üáøüá∞üáøüî•",NORMAL
"–ì–∏—Ç–ª–µ—Ä –µ–≤—Ä–µ–π–¥–∏ –∫—ã—Ä—Å–∞ ,—Å–æ–≥—ã—Å—Ç–∞–Ω –∫–µ–π–Ω –ø–æ–ª—è–∫ —á–µ—Ö —É–∫—Ä–∞–π–Ω –µ–ª –Ω–µ–≥–µ –µ–≤—Ä–µ–π–≥–µ —Ç–æ–ª–¥—ã 1:09 —Å—Ç–∞–Ω",HATE_SPEECH
"–¢“Ø–±—ñ–Ω–¥–µ  —è—Ö—É–¥–∏–ª–µ—Ä  –º–µ–Ω  –º“±—Å—ã–ª–º–∞–Ω–¥–∞—Ä –∞—Ä–∞—Å—ã–Ω–¥–∞  “Ø–ª–∫–µ–Ω  —Å–æ“ì—ã—Å  –±–æ–ª–∞–¥—ã !!!!!!",HATE_SPEECH
"–ï–≤—Ä–µ–π–ª–µ—Ä –Ω–∞“ì—ã–∑ —Å—ã“ì–∞–Ω–¥–∞—Ä “ì–æ–π",HATE_SPEECH
"–¢—ã–Ω—ã—à  –∂“Ø—Ä–º–µ–π—Ç—ñ–Ω,  –∑–∞–ª—ã–º  —Ö–∞–ª—ã“õ.",HATE_SPEECH
"–ê—Ä–∞–± –ø–µ–Ω –µ–≤—Ä–µ–π –µ–≥—ñ–∑ –∞–¥–∞–º...",NORMAL
"–ì–¥–µ –µ–≤—Ä–µ–π–∏ —Ç–∞–º –µ—Å—Ç—å –≤–æ–π–Ω–∞",HATE_SPEECH
"–ú—ã“õ—Ç—ã –±–æ–ª—Å–∞“£ –æ—Ä—ã—Å —Ç—É—Ä–∞–ª—ã –∞–∏—Ç—à—ã",OFFENSIVE
"–û—Ä–∞—Å–∞–Ω –¥–µ–≥–∞–Ω —Å–æ–∑–¥–∏ –ê–π—Ç–ø–∞“ì–∞–Ω–¥–∞ –Ω–µ–∫–∏–ª–∞–¥–∏...",NORMAL
"""–ú–ï–ù –ï–ù–î–Ü –û“ö–´–ü –û–¢–´–†–ú–´–ù. –ì–ò–¢–õ–ï–† —Å–æ–ª –∫–µ–∑–¥–µ —Ç“±“õ—ã–º—ã–º–µ–Ω “õ“±—Ä—Ç“õ–∞–Ω–¥–∞...""",HATE_SPEECH
"–û—Ä—ã—Å –±–∏–ª—ñ–≥—ñ –µ–≤—Ä–µ–π–ª–µ—Ä  “õ–æ–ª—ã–Ω–¥–∞. 3“ì–∞—Å—ã—Ä –±–æ–π—ã. –ú–∞—Å–µ–ª–µ –æ—Å—ã–Ω–¥–∞",HATE_SPEECH
"–ë–ê–°–¢–ê–†–´ –ñ–ê“ö–°–´ –Ü–°–¢–ï–ô–¢–Ü–ù –•–ê–õ–´“ö –ë–û–õ“í–ê–ù",NORMAL
"""üö®üö®üö®üö®üö®üö®üö®üö®üö®üö® “ö–∞—Ç–µ —Ç–∞—Ä–∏—Ö –∞–π—Ç–ø–∞...""",NORMAL
"–ï–≤—Ä–µ–π –¥–µ—Å–µ –ï–≤—Ä–µ–π –µ–∫–µ–Ω",NORMAL
"–ì–∏—Ç–µ–∫–µ  –¥—É—Ä—ã—Å –∏—Å—Ç–µ–≥–µ–Ω",HATE_SPEECH
"“ö–ê–ó–ê“ö–¢–ê–† –ñ”®–ô–Ü–¢ –î–ï–ô–î–ÜüòÖ",HATE_SPEECH
"–ì–∏—Ç–ª–µ—Ä –æ–∑—ã –ï–≤—Ä–µ–π –ì–æ–π –∞–∫–µ—Å—ã –ï–≤—Ä–µ–π –∂–∞–Ω–µ –ê–∂–µ—Å—ã",NORMAL
"–°–æ–¥–∞–µ –∫–µ–π—ñ–Ω –µ–∫–µ–Ω –¥–∞ –∞–º–µ—Ä–∏–∫–∞“ì–∞ –±–∞—Ä—ã–ø...",NORMAL
"–î—É–Ω–∏—è –∂—É–∑–∏–Ω –±–∞—Å–∫–∞—Ä—ã–ø –æ—Ç–∫–∞–Ω –ï–±—Ä–µ–π–ª–µ—Ä",HATE_SPEECH
"–î—ñ–Ω–≥–µ –¥–µ –±–∞–π–ª–∞–Ω—ã—Å—Ç—ã –±–æ–ª“ì–∞–Ω. –ò—É–¥–∞ –ò—Å—É—Å—Å—Ç—ã —Å–∞—Ç“õ–∞–Ω...",NORMAL
"–ï–≤—Ä–µ–∏–ª–µ—Ä —Å—ã–π–∞–º–∞ —Å–∞—Ä–∞–∏–≥–∞",NORMAL
"–ï–≤—Ä–µ–π–¥–∏–Ω –æ“£–±–∞–≥–∞–Ω –µ–∫–µ–Ω–∏–Ω –±–∏–ª–≥–µ–Ω“ì–æ–π",HATE_SPEECH
"""–ï—É—Ä–µ–∏–ª–µ—Ä –±—ñ—Ä—ñ–Ω—à—ñ –¥“Ø–Ω–∏–µ –∂“Ø–∑–¥—ñ–∫ —Å–æ“ì—ã—Å—Ç–∞ ...""",HATE_SPEECH
"7 “õ–∞–∑–∞–Ω–Ω–∞–Ω –∫–µ–π—ñ–Ω –º–µ–Ω –¥–µ –∂–µ–∫ –∫”©—Ä–µ–º—ñ–Ω.",HATE_SPEECH
"–ì–∏—Ç–ª–µ—Ä –∫–æ—Ä–µ–≥–µ–Ω –∫–µ–º–µ–Ω–≥–µ—Ä –±–∞—Å—à—ã –µ–∫–µ–Ω ...",HATE_SPEECH
"–ö—ã—Ä–≥—ã–∑–¥–∞—Ä –∂”©”©—Ç –¥–µ–π—Ç",NORMAL
"–ì–∏—Ç–ª–µ—Ä–¥–µ –Ω–µ–≥–µ –±–∞–ª–∞ –∂–æ“õ? –ï–≤—Ä–µ–π–ª–µ—Ä –ì–∏—Ç–ª–µ—Ä–¥—ñ“£ –µ–Ω–µ–≥—ñ–Ω –∞–ª—ã–ø —Ç–∞—Å—Ç–∞“ì–∞–Ω...",HATE_SPEECH
"–ê—Ä–∞–± –ï–≤—Ä–µ–π –∫–∞–Ω–¥–∞—Å –±–∞—É—ã—Ä–ª–∞—Ä",NORMAL
"–û–±–∞–ª –∞–π",NORMAL
"–ï–≤—Ä–µ–π–ª–µ—Ä  “õ–∞ –∂–µ—Ä–¥–µ —Ç—É—Ä—Å–∞–¥–∞  –±–∞–π –±–æ–ª–¥—ã...",NORMAL
"–ö–∞—Ä–ª –º–∞—Ä–∫—Å –¥–µ–≥–µ–Ω —Ñ–∞—à–∏—Å –µ–≤—Ä–µ–π –∫–∞–º—É–Ω–∏–∑–º –æ–∏–ª–∞–ø —Ç–∞–ø“õ–∞–Ω...",HATE_SPEECH
"“ö—É—Ç–±–∞—Å—ã –Ω–∞–∑–∞—Ä–≤–∞–π–≤ –≥–æ–ª–æ—â–µ–∫–∏–Ω –Ω–µ–º–µ—Ä–µ—Å—ñ–Ω–µ –º–∞—à–∫–µ–≤–∏—á–∫–µ “ö–∞–∑–∞“õ—Å—Ç–∞–Ω–¥—ã 30 –∂—ã–ª —Ç–æ–Ω–∞—Ç—Ç—ã –µ–≤—Ä–µ–π–≥–µ",HATE_SPEECH
"–ì–∏—Ç–ª–µ—Ä–¥—ñ –Ω–µ–≥—ñ–∑ –ø—Ä–µ–∑–∏–¥–µ–Ω—Ç “õ—ã–ª“ì–∞–Ω–¥–∞ –µ–≤—Ä–µ–π–ª–µ—Ä —Å–æ–ª –∫–µ–∑–¥–µ...",HATE_SPEECH
"–ø—É—Ç–ª–µ—Ä –≥–∏—Ç–ª–µ—Ä–¥–∞–Ω –±–∞—Ç—Ç–∞—Ä —Ñ–∞—à–∏—Å—Ç–∏ —É–∑ —É–∫–∞—Å–∏–Ω–∏ —É–ª–¥–∏—Ä–º–æ–∫–¥–∞",OFFENSIVE
"–ê“õ—ã–ª–¥—ã –±–æ–ª“ì–∞–Ω–¥–∞ –≥–∏—Ç–ª–µ—Ä",OFFENSIVE
"–ì–∏—Ç–ª–µ—Ä –±–æ–ª–º–∞“ì–∞–Ω–¥–∞ “ö–∞–∑–∞“õ —Ö–∞–ª“õ—ã –º“Ø–ª–¥–µ–º –∂–æ–π—ã–ª–∞—Ç—ã–Ω –µ–¥—ñ",NORMAL
"–ì–∏—Ç–ª–µ—Ä–¥—ñ –µ–≤—Ä–µ–π–ª–µ—Ä —Å“Ø–Ω–¥–µ—Ç—ñ–ø —Ç–∞—Å—Ç–∞–≥–∞–Ω",HATE_SPEECH
"–ì–∏–¥—Ç–ª–µ—Ä–¥—ã –∫–æ–ª–¥–∞–∏–º—ã–∑ –¥—É—Ä—ã—Å –∂–∞—Å–∞–¥—ã –û—Ä—ã—Å—Ç–∞—Ä–≥–∞...",HATE_SPEECH
"–†–æ—Å—Å–∏—è –µ–≤—Ä–µ–π–ª–µ—Ä–≥–µ –∫—ã–∑–º–µ—Ç –∂–∞—Å–∞–≥–∞–Ω –µ–∫–µ–Ω“ì–æ–π...",HATE_SPEECH
"–ï–≤—Ä–æ–ø–∞–¥–∞ –±–∞–π—ã“ì–∞–Ω –µ–≤—Ä–µ–π–ª–µ—Ä –º–∞—Å–æ–Ω–¥—ã“õ...",HATE_SPEECH
"–ï–≤—Ä–µ–π–ª–µ—Ä–¥—ñ“£ –æ—Ç–∞–Ω—ã –±–∞—Ä –¥–µ–≥–µ–Ω–¥—ñ –±—ñ—Ä—ñ–Ω—à—ñ –µ—Å—Ç—ñ–ø –æ—Ç—ã—Ä–º—ã–Ω",NORMAL
"–µ–≤—Ä–µ–π–ª–µ—Ä - —Å–∏–æ–Ω–∏—Å—Ç—Ç–µ—Ä –∂”©–Ω“Ø–Ω–¥”© —ç–Ω —Ç—É—É—Ä–∞ –∞–π—Ç—ã–ª–¥—ã...",HATE_SPEECH
"–ì–∏—Ç–ª–µ—Ä –µ–º–µ—Å –µ–≤—Ä–µ–π –∂–µ–ø –∫”©—Ä–≥–µ–Ω –æ—Ä—ã—Å —Ñ–∞—à—ã—Å—Ç–µ—Ä...",HATE_SPEECH
"–ê—Ç–∞–ª–∞—Ä—ã–º—ã–∑ –∂”©–π–¥ –¥–µ–ø –∞—Ç–∞“ì–∞–Ω“ì–æ –±“±—Ä—ã–Ω –µ–≤—Ä–µ–π–ª–µ—Ä–¥—ñ.",HATE_SPEECH
"—Å–æ–ª –ì–∏—Ç–ª–µ—Ä –∫–∞–∑—ã—Ä –∫–µ—Ä–µ–∫ –±–æ–ª—ã–ø —Ç—É—Ä –∏–∑—Ä–∞–µ–ª–≥–µ",HATE_SPEECH
"–ê–ª–∂—ã–º–∞—à—ã –µ–≤—Ä–µ–π–ª–µ—Ä –∂–∞–≥–¥–∞–π—ã –±–∏—Ä–∏–Ω—à–∏ —Å–æ–≥—ã—Å –∫–µ–∑–∏–Ω–µ–Ω...",OFFENSIVE
"–ö—ñ–º–≥–µ –æ–±–∞–ª? –ü–∞–ª–µ—Å—Ç–∏–Ω–∞–Ω—ã “õ—ã—Ä—ã–ø –∂–∞—Ç“õ–∞–Ω –ò–∑—Ä–∞–∏–ª—å“ì–∞ –º–∞?",NORMAL
"–ï–≤—Ä–µ–π–ª–µ—Ä –∂–∞–π—ã–Ω–¥–∞ “ö“±—Ä–∞–Ω–¥–∞ –±—ã–ª–∞–π –¥–µ–ø –∞–π—Ç—ã–ª“ì–∞–Ω...",HATE_SPEECH
"–ê–º–∞–Ω—Ç–∞–π –¢–æ–π—à—ã–±–∞–π“±–ª—ã–Ω—ã“£ –∂–∞–∑–±–∞—Å—ã–Ω –æ“õ—ã–ø –±–µ—Ä–≥–µ–Ω—ñ“£ “õ–∞–ª–∞–π –∫–µ—Ç—Ç—ñ üòÖ",NORMAL
"–®—ã–Ω—ã–º–µ–Ω –µ–≤—Ä–µ–∏–ª–µ—Ä –∂–∞–º–∞–Ω –∞—Ñ–∏—Ä–∏—Å—Ç –±–æ–ª–¥—ã“ì–æ–∏",HATE_SPEECH
"–ì–∏—Ç–ª–µ—Ä 19 –∂–∞—à—ã–Ω–¥–∞ –∞—Å–∫–µ—Ä–¥–µ –∫—ã–∑–º–∞—Ç –æ—Ç–æ–ø –∂—É—Ä—É–ø...",HATE_SPEECH
"–µ–≥–µ—Ä –≥–∏—Ç–ª–µ—Ä —Å–æ“ì—ã—Å –±–æ–ª–º–∞“ì–∞–Ω–¥–∞ “õ–∞–∑–∞“õ —Ö–∞–ª“õ—ã –∂–æ“õ –±–æ–ª—ã–ø –∫–µ—Ç–µ—Ä –µ–¥—ñ...",NORMAL
"–ö—ñ–º —Å–æ“ì—ã—Å –∞—à—Ç—ã –±—ñ—Ä—ñ–Ω—â—ñ?",NORMAL
"@–ê–ª–∏—Ö–∞–Ω-—Ä9–≤—Å–∏–æ–Ω–∏—Å—Ç–µ—Ä",NORMAL